platform,post_id_hash,brand,market_group,country_or_region,price_tier,product_category,keyword,publish_time,collect_time,title,description,hashtags,like_count,comment_count,collect_count,share_count,author_follower_bucket,is_sponsored_hint
xiaohongshu,f3b0bdaa085c8f6efc42,rom&nd,K-beauty,South Korea,affordable,lip,rom&nd 唇泥 测评,2026-04-22 00:00:00+00:00,2026-06-30 00:00:00+00:00,rom&nd 唇泥｜持妆实测,通勤使用8小时记录，持妆实测。略微沾杯,#唇泥 #K-beauty,280,32,54,6,100k-1m,False
xiaohongshu,f40e3898cd815388e5df,rom&nd,K-beauty,South Korea,affordable,lip,rom&nd 口红 测评,2026-02-20 00:00:00+00:00,2026-06-30 00:00:00+00:00,rom&nd 口红｜水光奶油肌,通勤使用8小时记录，水光奶油肌。略微沾杯,#口红 #K-beauty,447,36,80,13,100k-1m,False
xiaohongshu,d222a9db1be36b46a2a6,rom&nd,K-beauty,South Korea,affordable,lip,rom&nd 唇泥 测评,2026-02-16 00:00:00+00:00,2026-06-30 00:00:00+00:00,rom&nd 唇泥｜持妆实测,通勤使用8小时记录，持妆实测。敏感肌先试用,#唇泥 #K-beauty,96,2,10,6,100k-1m,False
xiaohongshu,c33e557aa9798fdf86dd,rom&nd,K-beauty,South Korea,affordable,lip,rom&nd 口红 测评,2026-05-28 00:00:00+00:00,2026-06-30 00:00:00+00:00,rom&nd 口红｜轻薄服帖,通勤使用8小时记录，轻薄服帖。,#口红 #K-beauty,863,29,261,81,1k-10k,False
xiaohongshu,559d01cb6ca48cc0341e,rom&nd,K-beauty,South Korea,affordable,lip,rom&nd 唇泥 测评,2026-03-24 00:00:00+00:00,2026-06-30 00:00:00+00:00,rom&nd 唇泥｜水光奶油肌,通勤使用8小时记录，水光奶油肌。敏感肌先试用,#唇泥 #K-beauty,251,21,93,9,100k-1m,False
douyin,ff8711d7eebc29970131,rom&nd,K-beauty,South Korea,affordable,lip,rom&nd 唇泥 测评,2026-03-19 00:00:00+00:00,2026-06-30 00:00:00+00:00,rom&nd 唇泥｜持妆实测,通勤使用8小时记录，持妆实测。但有点卡粉,#唇泥 #K-beauty,100,4,8,9,1k-10k,False
douyin,80ff0e84e619b296cbf0,rom&nd,K-beauty,South Korea,affordable,lip,rom&nd 唇釉 测评,2026-03-28 00:00:00+00:00,2026-06-30 00:00:00+00:00,rom&nd 唇釉｜学生党平替,通勤使用8小时记录，学生党平替。下午会暗沉,#唇釉 #K-beauty,261,21,84,19,10k-100k,False
douyin,39bf6fe20696c3c2b821,rom&nd,K-beauty,South Korea,affordable,lip,rom&nd 口红 测评,2026-04-24 00:00:00+00:00,2026-06-30 00:00:00+00:00,rom&nd 口红｜学生党平替,通勤使用8小时记录，学生党平替。干皮可能拔干,#口红 #K-beauty,685,33,246,58,100k-1m,False
douyin,c53d044519f46aea999e,rom&nd,K-beauty,South Korea,affordable,lip,rom&nd 唇泥 测评,2026-01-02 00:00:00+00:00,2026-06-30 00:00:00+00:00,rom&nd 唇泥｜黄皮显白,通勤使用8小时记录，黄皮显白。干皮可能拔干,#唇泥 #K-beauty,192,5,73,5,100k-1m,False
douyin,dd12a20296c68b49e558,rom&nd,K-beauty,South Korea,affordable,lip,rom&nd 唇泥 测评,2026-03-08 00:00:00+00:00,2026-06-30 00:00:00+00:00,rom&nd 唇泥｜持妆实测,通勤使用8小时记录，持妆实测。但有点卡粉,#唇泥 #K-beauty,382,10,70,15,100k-1m,False
xiaohongshu,bfcf499a71afc53620a7,CLIO,K-beauty,South Korea,mid,base,CLIO 粉饼 测评,2026-02-01 00:00:00+00:00,2026-06-30 00:00:00+00:00,CLIO 粉饼｜学生党平替,通勤使用8小时记录，学生党平替。,#粉饼 #K-beauty,668,74,217,35,1k-10k,False
xiaohongshu,7a98d731134b79423781,CLIO,K-beauty,South Korea,mid,base,CLIO 粉饼 测评,2026-04-18 00:00:00+00:00,2026-06-30 00:00:00+00:00,CLIO 粉饼｜学生党平替,通勤使用8小时记录，学生党平替。下午会暗沉,#粉饼 #K-beauty,295,29,82,6,100k-1m,False
xiaohongshu,ca6f52659941e9c101f7,CLIO,K-beauty,South Korea,mid,base,CLIO 气垫 测评,2026-03-13 00:00:00+00:00,2026-06-30 00:00:00+00:00,CLIO 气垫｜遮瑕力在线,通勤使用8小时记录，遮瑕力在线。略微沾杯,#气垫 #K-beauty,84,9,14,8,10k-100k,False
xiaohongshu,3f39bbb7eefa600a33ff,CLIO,K-beauty,South Korea,mid,base,CLIO 气垫 测评,2026-05-01 00:00:00+00:00,2026-06-30 00:00:00+00:00,CLIO 气垫｜遮瑕力在线,通勤使用8小时记录，遮瑕力在线。敏感肌先试用,#气垫 #K-beauty,278,13,52,16,10k-100k,False
xiaohongshu,fa6f36a27d8ef3498a2a,CLIO,K-beauty,South Korea,mid,base,CLIO 粉底液 测评,2026-05-18 00:00:00+00:00,2026-06-30 00:00:00+00:00,CLIO 粉底液｜学生党平替,通勤使用8小时记录，学生党平替。下午会暗沉,#粉底液 #K-beauty,1293,70,334,74,1k-10k,False
douyin,f1076c7c63137867d018,CLIO,K-beauty,South Korea,mid,base,CLIO 气垫 测评,2026-02-07 00:00:00+00:00,2026-06-30 00:00:00+00:00,CLIO 气垫｜轻薄服帖,通勤使用8小时记录，轻薄服帖。敏感肌先试用,#气垫 #K-beauty,882,101,228,40,10k-100k,False
douyin,ffb796bcc3e641b1121d,CLIO,K-beauty,South Korea,mid,base,CLIO 粉饼 测评,2026-02-18 00:00:00+00:00,2026-06-30 00:00:00+00:00,CLIO 粉饼｜轻薄服帖,通勤使用8小时记录，轻薄服帖。,#粉饼 #K-beauty,325,32,90,12,10k-100k,False
douyin,d02f3aef743c5c90c169,CLIO,K-beauty,South Korea,mid,base,CLIO 粉饼 测评,2026-03-02 00:00:00+00:00,2026-06-30 00:00:00+00:00,CLIO 粉饼｜遮瑕力在线,通勤使用8小时记录，遮瑕力在线。干皮可能拔干,#粉饼 #K-beauty,216,15,47,17,10k-100k,False
douyin,a4985e1d2c5fae5af0d8,CLIO,K-beauty,South Korea,mid,base,CLIO 粉底液 测评,2026-05-19 00:00:00+00:00,2026-06-30 00:00:00+00:00,CLIO 粉底液｜轻薄服帖,通勤使用8小时记录，轻薄服帖。但有点卡粉,#粉底液 #K-beauty,488,39,137,45,10k-100k,False
douyin,346dc1a988b298e9b4c6,CLIO,K-beauty,South Korea,mid,base,CLIO 气垫 测评,2026-01-07 00:00:00+00:00,2026-06-30 00:00:00+00:00,CLIO 气垫｜遮瑕力在线,通勤使用8小时记录，遮瑕力在线。,#气垫 #K-beauty,366,15,129,7,10k-100k,False
xiaohongshu,6809d35bf0af084043c9,dasique,K-beauty,South Korea,mid,lip,dasique 唇釉 测评,2026-03-30 00:00:00+00:00,2026-06-30 00:00:00+00:00,dasique 唇釉｜遮瑕力在线,通勤使用8小时记录，遮瑕力在线。但有点卡粉,#唇釉 #K-beauty,28,1,4,2,100k-1m,False
xiaohongshu,07e1db0f12fb0c5eea59,dasique,K-beauty,South Korea,mid,eye,dasique 眼影 测评,2026-04-05 00:00:00+00:00,2026-06-30 00:00:00+00:00,dasique 眼影｜遮瑕力在线,通勤使用8小时记录，遮瑕力在线。,#眼影 #K-beauty,40,1,13,3,100k-1m,False
xiaohongshu,364c1b206f3e6ae7a0ac,dasique,K-beauty,South Korea,mid,eye,dasique 眉笔 测评,2026-05-17 00:00:00+00:00,2026-06-30 00:00:00+00:00,dasique 眉笔｜持妆实测,通勤使用8小时记录，持妆实测。略微沾杯,#眉笔 #K-beauty,56,5,20,2,100k-1m,False
xiaohongshu,4a173945b77082c3c1d6,dasique,K-beauty,South Korea,mid,lip,dasique 唇泥 测评,2026-06-15 00:00:00+00:00,2026-06-30 00:00:00+00:00,dasique 唇泥｜遮瑕力在线,通勤使用8小时记录，遮瑕力在线。下午会暗沉,#唇泥 #K-beauty,35,1,12,0,10k-100k,False
xiaohongshu,b973440808960f2f81e1,dasique,K-beauty,South Korea,mid,eye,dasique 眼影 测评,2026-02-08 00:00:00+00:00,2026-06-30 00:00:00+00:00,dasique 眼影｜轻薄服帖,通勤使用8小时记录，轻薄服帖。敏感肌先试用,#眼影 #K-beauty,561,54,191,10,1k-10k,False
douyin,aa9684c62f611c8177f7,dasique,K-beauty,South Korea,mid,eye,dasique 眉笔 测评,2026-03-15 00:00:00+00:00,2026-06-30 00:00:00+00:00,dasique 眉笔｜轻薄服帖,通勤使用8小时记录，轻薄服帖。下午会暗沉,#眉笔 #K-beauty,112,6,29,3,10k-100k,False
douyin,5eca88ba4298d5841563,dasique,K-beauty,South Korea,mid,eye,dasique 眼影 测评,2026-04-06 00:00:00+00:00,2026-06-30 00:00:00+00:00,dasique 眼影｜黄皮显白,通勤使用8小时记录，黄皮显白。敏感肌先试用,#眼影 #K-beauty,1245,122,180,119,10k-100k,False
douyin,b01aca0f52fdc8b22fd3,dasique,K-beauty,South Korea,mid,lip,dasique 唇泥 测评,2026-06-26 00:00:00+00:00,2026-06-30 00:00:00+00:00,dasique 唇泥｜持妆实测,通勤使用8小时记录，持妆实测。敏感肌先试用,#唇泥 #K-beauty,367,9,30,17,10k-100k,False
douyin,ceb9a5f04339585dc912,dasique,K-beauty,South Korea,mid,eye,dasique 眼影 测评,2026-05-12 00:00:00+00:00,2026-06-30 00:00:00+00:00,dasique 眼影｜持妆实测,通勤使用8小时记录，持妆实测。下午会暗沉,#眼影 #K-beauty,540,63,196,50,1k-10k,False
douyin,1ecd94f9ffb35cf46d60,dasique,K-beauty,South Korea,mid,eye,dasique 睫毛膏 测评,2026-06-12 00:00:00+00:00,2026-06-30 00:00:00+00:00,dasique 睫毛膏｜持妆实测,通勤使用8小时记录，持妆实测。,#睫毛膏 #K-beauty,2391,195,291,70,1k-10k,False
xiaohongshu,a543d8a179df4dc3ea5f,fwee,K-beauty,South Korea,mid,lip,fwee 唇泥 测评,2026-05-03 00:00:00+00:00,2026-06-30 00:00:00+00:00,fwee 唇泥｜黄皮显白,通勤使用8小时记录，黄皮显白。干皮可能拔干,#唇泥 #K-beauty,472,42,184,32,1k-10k,False
xiaohongshu,5df115703f259b66db32,fwee,K-beauty,South Korea,mid,lip,fwee 唇泥 测评,2026-02-01 00:00:00+00:00,2026-06-30 00:00:00+00:00,fwee 唇泥｜遮瑕力在线,通勤使用8小时记录，遮瑕力在线。,#唇泥 #K-beauty,273,26,58,10,10k-100k,False
xiaohongshu,18a4877150d016ce73b3,fwee,K-beauty,South Korea,mid,lip,fwee 口红 测评,2026-04-26 00:00:00+00:00,2026-06-30 00:00:00+00:00,fwee 口红｜水光奶油肌,通勤使用8小时记录，水光奶油肌。,#口红 #K-beauty,89,7,16,4,100k-1m,False
xiaohongshu,f9927799907a8fb4ea30,fwee,K-beauty,South Korea,mid,lip,fwee 唇釉 测评,2026-04-08 00:00:00+00:00,2026-06-30 00:00:00+00:00,fwee 唇釉｜遮瑕力在线,通勤使用8小时记录，遮瑕力在线。干皮可能拔干,#唇釉 #K-beauty,478,51,77,39,10k-100k,False
xiaohongshu,b7adde89244419a3c493,fwee,K-beauty,South Korea,mid,lip,fwee 唇泥 测评,2026-05-18 00:00:00+00:00,2026-06-30 00:00:00+00:00,fwee 唇泥｜遮瑕力在线,通勤使用8小时记录，遮瑕力在线。干皮可能拔干,#唇泥 #K-beauty,146,8,14,6,100k-1m,False
douyin,82c370aaf63dbd89c522,fwee,K-beauty,South Korea,mid,lip,fwee 口红 测评,2026-03-27 00:00:00+00:00,2026-06-30 00:00:00+00:00,fwee 口红｜遮瑕力在线,通勤使用8小时记录，遮瑕力在线。但有点卡粉,#口红 #K-beauty,130,10,38,3,1k-10k,False
douyin,4ca44d82765aa1e9b4a4,fwee,K-beauty,South Korea,mid,lip,fwee 口红 测评,2026-04-10 00:00:00+00:00,2026-06-30 00:00:00+00:00,fwee 口红｜遮瑕力在线,通勤使用8小时记录，遮瑕力在线。略微沾杯,#口红 #K-beauty,285,21,57,23,100k-1m,False
douyin,6c1daa5d803719d83ac4,fwee,K-beauty,South Korea,mid,lip,fwee 唇泥 测评,2026-04-19 00:00:00+00:00,2026-06-30 00:00:00+00:00,fwee 唇泥｜持妆实测,通勤使用8小时记录，持妆实测。略微沾杯,#唇泥 #K-beauty,238,17,64,6,1k-10k,False
douyin,1feaaedd672d93c1719f,fwee,K-beauty,South Korea,mid,lip,fwee 唇釉 测评,2026-02-08 00:00:00+00:00,2026-06-30 00:00:00+00:00,fwee 唇釉｜水光奶油肌,通勤使用8小时记录，水光奶油肌。下午会暗沉,#唇釉 #K-beauty,55,4,18,3,100k-1m,False
douyin,563ebcd30461272cb1be,fwee,K-beauty,South Korea,mid,lip,fwee 唇釉 测评,2026-01-16 00:00:00+00:00,2026-06-30 00:00:00+00:00,fwee 唇釉｜轻薄服帖,通勤使用8小时记录，轻薄服帖。,#唇釉 #K-beauty,354,32,102,17,1k-10k,False
xiaohongshu,307a45e7fae174654fbe,TIRTIR,K-beauty,South Korea,mid,base,TIRTIR 粉底液 测评,2026-01-09 00:00:00+00:00,2026-06-30 00:00:00+00:00,TIRTIR 粉底液｜水光奶油肌,通勤使用8小时记录，水光奶油肌。但有点卡粉,#粉底液 #K-beauty,477,37,110,33,10k-100k,False
xiaohongshu,49caf1873c4f98848d3b,TIRTIR,K-beauty,South Korea,mid,base,TIRTIR 粉底液 测评,2026-06-29 00:00:00+00:00,2026-06-30 00:00:00+00:00,TIRTIR 粉底液｜黄皮显白,通勤使用8小时记录，黄皮显白。下午会暗沉,#粉底液 #K-beauty,46,2,12,2,1k-10k,False
xiaohongshu,0aaa6c1faac5f95c8e67,TIRTIR,K-beauty,South Korea,mid,base,TIRTIR 粉底液 测评,2026-01-31 00:00:00+00:00,2026-06-30 00:00:00+00:00,TIRTIR 粉底液｜水光奶油肌,通勤使用8小时记录，水光奶油肌。下午会暗沉,#粉底液 #K-beauty,417,46,91,31,1k-10k,False
xiaohongshu,3303c22068032ba01db9,TIRTIR,K-beauty,South Korea,mid,base,TIRTIR 粉饼 测评,2026-01-15 00:00:00+00:00,2026-06-30 00:00:00+00:00,TIRTIR 粉饼｜黄皮显白,通勤使用8小时记录，黄皮显白。下午会暗沉,#粉饼 #K-beauty,181,16,12,12,10k-100k,False
xiaohongshu,4cb1be247f3ecfeaf07a,TIRTIR,K-beauty,South Korea,mid,base,TIRTIR 气垫 测评,2026-03-28 00:00:00+00:00,2026-06-30 00:00:00+00:00,TIRTIR 气垫｜水光奶油肌,通勤使用8小时记录，水光奶油肌。但有点卡粉,#气垫 #K-beauty,321,9,112,16,100k-1m,False
douyin,9c90c90504c75ced908c,TIRTIR,K-beauty,South Korea,mid,base,TIRTIR 粉饼 测评,2026-01-28 00:00:00+00:00,2026-06-30 00:00:00+00:00,TIRTIR 粉饼｜持妆实测,通勤使用8小时记录，持妆实测。但有点卡粉,#粉饼 #K-beauty,178,20,40,11,100k-1m,False
douyin,ed6eab5d7a1fdb36a2c6,TIRTIR,K-beauty,South Korea,mid,base,TIRTIR 粉饼 测评,2026-02-01 00:00:00+00:00,2026-06-30 00:00:00+00:00,TIRTIR 粉饼｜轻薄服帖,通勤使用8小时记录，轻薄服帖。敏感肌先试用,#粉饼 #K-beauty,443,26,26,17,100k-1m,False
douyin,2055c970a33763872f3b,TIRTIR,K-beauty,South Korea,mid,base,TIRTIR 粉底液 测评,2026-06-01 00:00:00+00:00,2026-06-30 00:00:00+00:00,TIRTIR 粉底液｜轻薄服帖,通勤使用8小时记录，轻薄服帖。但有点卡粉,#粉底液 #K-beauty,105,5,24,3,1k-10k,False
douyin,577df6d5c0c4db91f37b,TIRTIR,K-beauty,South Korea,mid,base,TIRTIR 粉底液 测评,2026-02-25 00:00:00+00:00,2026-06-30 00:00:00+00:00,TIRTIR 粉底液｜遮瑕力在线,通勤使用8小时记录，遮瑕力在线。但有点卡粉,#粉底液 #K-beauty,686,34,85,18,10k-100k,False
douyin,da580dc9cf36f18e1556,TIRTIR,K-beauty,South Korea,mid,base,TIRTIR 粉饼 测评,2026-02-09 00:00:00+00:00,2026-06-30 00:00:00+00:00,TIRTIR 粉饼｜水光奶油肌,通勤使用8小时记录，水光奶油肌。略微沾杯,#粉饼 #K-beauty,2091,55,647,113,10k-100k,False
xiaohongshu,7c69b25d86fe9bbe4487,JUNG SAEM MOOL,K-beauty,South Korea,premium,base,JUNG SAEM MOOL 气垫 测评,2026-01-15 00:00:00+00:00,2026-06-30 00:00:00+00:00,JUNG SAEM MOOL 气垫｜学生党平替,通勤使用8小时记录，学生党平替。,#气垫 #K-beauty,1084,94,115,94,1k-10k,False
xiaohongshu,7b4bedae0758319f94e1,JUNG SAEM MOOL,K-beauty,South Korea,premium,base,JUNG SAEM MOOL 粉底液 测评,2026-01-16 00:00:00+00:00,2026-06-30 00:00:00+00:00,JUNG SAEM MOOL 粉底液｜学生党平替,通勤使用8小时记录，学生党平替。干皮可能拔干,#粉底液 #K-beauty,145,4,57,5,1k-10k,False
xiaohongshu,94c1288e830b0e165b68,JUNG SAEM MOOL,K-beauty,South Korea,premium,base,JUNG SAEM MOOL 粉底液 测评,2026-04-07 00:00:00+00:00,2026-06-30 00:00:00+00:00,JUNG SAEM MOOL 粉底液｜学生党平替,通勤使用8小时记录，学生党平替。,#粉底液 #K-beauty,482,13,73,9,10k-100k,False
xiaohongshu,caa6641d17a345c060d2,JUNG SAEM MOOL,K-beauty,South Korea,premium,base,JUNG SAEM MOOL 粉饼 测评,2026-01-05 00:00:00+00:00,2026-06-30 00:00:00+00:00,JUNG SAEM MOOL 粉饼｜黄皮显白,通勤使用8小时记录，黄皮显白。,#粉饼 #K-beauty,81,2,29,5,100k-1m,False
xiaohongshu,53eb6fab5e02706856d5,JUNG SAEM MOOL,K-beauty,South Korea,premium,base,JUNG SAEM MOOL 粉底液 测评,2026-02-10 00:00:00+00:00,2026-06-30 00:00:00+00:00,JUNG SAEM MOOL 粉底液｜轻薄服帖,通勤使用8小时记录，轻薄服帖。但有点卡粉,#粉底液 #K-beauty,64,5,9,2,100k-1m,False
douyin,555cfee3e26556d0773d,JUNG SAEM MOOL,K-beauty,South Korea,premium,base,JUNG SAEM MOOL 气垫 测评,2026-06-03 00:00:00+00:00,2026-06-30 00:00:00+00:00,JUNG SAEM MOOL 气垫｜轻薄服帖,通勤使用8小时记录，轻薄服帖。,#气垫 #K-beauty,79,8,21,1,100k-1m,False
douyin,d4dba8fa18fcfd04625c,JUNG SAEM MOOL,K-beauty,South Korea,premium,base,JUNG SAEM MOOL 粉底液 测评,2026-01-09 00:00:00+00:00,2026-06-30 00:00:00+00:00,JUNG SAEM MOOL 粉底液｜黄皮显白,通勤使用8小时记录，黄皮显白。,#粉底液 #K-beauty,158,15,36,12,100k-1m,False
douyin,a6123b93fb28a033f73f,JUNG SAEM MOOL,K-beauty,South Korea,premium,base,JUNG SAEM MOOL 粉底液 测评,2026-02-15 00:00:00+00:00,2026-06-30 00:00:00+00:00,JUNG SAEM MOOL 粉底液｜学生党平替,通勤使用8小时记录，学生党平替。敏感肌先试用,#粉底液 #K-beauty,1256,136,401,119,100k-1m,False
douyin,cdb8bdff7cbf2635258b,JUNG SAEM MOOL,K-beauty,South Korea,premium,base,JUNG SAEM MOOL 气垫 测评,2026-06-07 00:00:00+00:00,2026-06-30 00:00:00+00:00,JUNG SAEM MOOL 气垫｜轻薄服帖,通勤使用8小时记录，轻薄服帖。但有点卡粉,#气垫 #K-beauty,293,18,99,17,1k-10k,False
douyin,2c6b2a312fd504ab401d,JUNG SAEM MOOL,K-beauty,South Korea,premium,base,JUNG SAEM MOOL 粉底液 测评,2026-06-22 00:00:00+00:00,2026-06-30 00:00:00+00:00,JUNG SAEM MOOL 粉底液｜黄皮显白,通勤使用8小时记录，黄皮显白。敏感肌先试用,#粉底液 #K-beauty,403,15,86,8,1k-10k,False
xiaohongshu,79d8bb707b281e8648d0,3CE,K-beauty,South Korea,mid,lip,3CE 唇釉 测评,2026-04-20 00:00:00+00:00,2026-06-30 00:00:00+00:00,3CE 唇釉｜黄皮显白,通勤使用8小时记录，黄皮显白。略微沾杯,#唇釉 #K-beauty,46,5,16,4,100k-1m,False
xiaohongshu,2552e06294121a17d68a,3CE,K-beauty,South Korea,mid,lip,3CE 唇泥 测评,2026-01-23 00:00:00+00:00,2026-06-30 00:00:00+00:00,3CE 唇泥｜轻薄服帖,通勤使用8小时记录，轻薄服帖。,#唇泥 #K-beauty,244,17,18,4,1k-10k,False
xiaohongshu,44ebb6bfc003530a14f1,3CE,K-beauty,South Korea,mid,lip,3CE 唇釉 测评,2026-01-28 00:00:00+00:00,2026-06-30 00:00:00+00:00,3CE 唇釉｜轻薄服帖,通勤使用8小时记录，轻薄服帖。略微沾杯,#唇釉 #K-beauty,148,9,48,12,100k-1m,False
xiaohongshu,6c25ddd16bbfe015420d,3CE,K-beauty,South Korea,mid,lip,3CE 唇泥 测评,2026-03-02 00:00:00+00:00,2026-06-30 00:00:00+00:00,3CE 唇泥｜持妆实测,通勤使用8小时记录，持妆实测。下午会暗沉,#唇泥 #K-beauty,154,8,12,11,100k-1m,False
xiaohongshu,9f1c1aa4f51598bcaebd,3CE,K-beauty,South Korea,mid,lip,3CE 口红 测评,2026-06-21 00:00:00+00:00,2026-06-30 00:00:00+00:00,3CE 口红｜遮瑕力在线,通勤使用8小时记录，遮瑕力在线。下午会暗沉,#口红 #K-beauty,635,24,72,6,1k-10k,False
douyin,e5227d9b3e38bc5936dc,3CE,K-beauty,South Korea,mid,lip,3CE 唇泥 测评,2026-02-06 00:00:00+00:00,2026-06-30 00:00:00+00:00,3CE 唇泥｜轻薄服帖,通勤使用8小时记录，轻薄服帖。,#唇泥 #K-beauty,199,14,53,3,1k-10k,False
douyin,97912386b7c63d8c2c00,3CE,K-beauty,South Korea,mid,lip,3CE 唇釉 测评,2026-03-11 00:00:00+00:00,2026-06-30 00:00:00+00:00,3CE 唇釉｜持妆实测,通勤使用8小时记录，持妆实测。下午会暗沉,#唇釉 #K-beauty,13,1,4,0,10k-100k,False
douyin,b5bad4970c650b0aa2d7,3CE,K-beauty,South Korea,mid,lip,3CE 口红 测评,2026-02-06 00:00:00+00:00,2026-06-30 00:00:00+00:00,3CE 口红｜遮瑕力在线,通勤使用8小时记录，遮瑕力在线。敏感肌先试用,#口红 #K-beauty,734,29,216,40,10k-100k,False
douyin,f46d6bd5b36b20de9754,3CE,K-beauty,South Korea,mid,lip,3CE 唇泥 测评,2026-03-19 00:00:00+00:00,2026-06-30 00:00:00+00:00,3CE 唇泥｜黄皮显白,通勤使用8小时记录，黄皮显白。敏感肌先试用,#唇泥 #K-beauty,154,16,15,4,1k-10k,False
douyin,1f6dad989853af6494b3,3CE,K-beauty,South Korea,mid,lip,3CE 唇釉 测评,2026-05-14 00:00:00+00:00,2026-06-30 00:00:00+00:00,3CE 唇釉｜持妆实测,通勤使用8小时记录，持妆实测。略微沾杯,#唇釉 #K-beauty,144,9,51,2,10k-100k,False
xiaohongshu,c75ba99a88e3c76b0168,HERA,K-beauty,South Korea,premium,lip,HERA 唇泥 测评,2026-06-23 00:00:00+00:00,2026-06-30 00:00:00+00:00,HERA 唇泥｜持妆实测,通勤使用8小时记录，持妆实测。干皮可能拔干,#唇泥 #K-beauty,134,5,35,12,100k-1m,False
xiaohongshu,fa765d5e543c13284aec,HERA,K-beauty,South Korea,premium,base,HERA 气垫 测评,2026-05-28 00:00:00+00:00,2026-06-30 00:00:00+00:00,HERA 气垫｜遮瑕力在线,通勤使用8小时记录，遮瑕力在线。敏感肌先试用,#气垫 #K-beauty,1293,43,487,76,100k-1m,False
xiaohongshu,e893cd155f27976deb23,HERA,K-beauty,South Korea,premium,base,HERA 粉饼 测评,2026-06-15 00:00:00+00:00,2026-06-30 00:00:00+00:00,HERA 粉饼｜持妆实测,通勤使用8小时记录，持妆实测。,#粉饼 #K-beauty,70,7,14,1,1k-10k,False
xiaohongshu,d147245624e70e1cffe8,HERA,K-beauty,South Korea,premium,base,HERA 粉底液 测评,2026-04-12 00:00:00+00:00,2026-06-30 00:00:00+00:00,HERA 粉底液｜学生党平替,通勤使用8小时记录，学生党平替。略微沾杯,#粉底液 #K-beauty,483,30,43,34,10k-100k,False
xiaohongshu,c8ebb4c93aa536c837ad,HERA,K-beauty,South Korea,premium,base,HERA 气垫 测评,2026-01-19 00:00:00+00:00,2026-06-30 00:00:00+00:00,HERA 气垫｜遮瑕力在线,通勤使用8小时记录，遮瑕力在线。敏感肌先试用,#气垫 #K-beauty,190,11,57,17,10k-100k,False
douyin,143f7566a8bcdb091e35,HERA,K-beauty,South Korea,premium,lip,HERA 唇泥 测评,2026-04-12 00:00:00+00:00,2026-06-30 00:00:00+00:00,HERA 唇泥｜轻薄服帖,通勤使用8小时记录，轻薄服帖。略微沾杯,#唇泥 #K-beauty,336,39,79,29,10k-100k,False
douyin,5255cf986c3329eb3349,HERA,K-beauty,South Korea,premium,base,HERA 粉底液 测评,2026-04-06 00:00:00+00:00,2026-06-30 00:00:00+00:00,HERA 粉底液｜持妆实测,通勤使用8小时记录，持妆实测。略微沾杯,#粉底液 #K-beauty,453,19,134,20,1k-10k,False
douyin,4a84cad00fac3ab884d8,HERA,K-beauty,South Korea,premium,base,HERA 气垫 测评,2026-03-27 00:00:00+00:00,2026-06-30 00:00:00+00:00,HERA 气垫｜遮瑕力在线,通勤使用8小时记录，遮瑕力在线。但有点卡粉,#气垫 #K-beauty,1664,134,484,142,10k-100k,False
douyin,71c2c41a3b529a38b8fc,HERA,K-beauty,South Korea,premium,lip,HERA 口红 测评,2026-03-11 00:00:00+00:00,2026-06-30 00:00:00+00:00,HERA 口红｜学生党平替,通勤使用8小时记录，学生党平替。,#口红 #K-beauty,1800,214,581,84,10k-100k,False
douyin,f3240429a12630fee491,HERA,K-beauty,South Korea,premium,base,HERA 气垫 测评,2026-05-01 00:00:00+00:00,2026-06-30 00:00:00+00:00,HERA 气垫｜轻薄服帖,通勤使用8小时记录，轻薄服帖。但有点卡粉,#气垫 #K-beauty,231,10,77,4,1k-10k,False
xiaohongshu,163229a9fbe80b35847f,AMUSE,K-beauty,South Korea,mid,lip,AMUSE 唇釉 测评,2026-01-21 00:00:00+00:00,2026-06-30 00:00:00+00:00,AMUSE 唇釉｜持妆实测,通勤使用8小时记录，持妆实测。下午会暗沉,#唇釉 #K-beauty,201,10,77,15,1k-10k,False
xiaohongshu,c7c0f74ab92c4af8b18b,AMUSE,K-beauty,South Korea,mid,lip,AMUSE 唇釉 测评,2026-06-14 00:00:00+00:00,2026-06-30 00:00:00+00:00,AMUSE 唇釉｜遮瑕力在线,通勤使用8小时记录，遮瑕力在线。略微沾杯,#唇釉 #K-beauty,39,3,13,1,100k-1m,False
xiaohongshu,7442f2e67deda4ca0018,AMUSE,K-beauty,South Korea,mid,lip,AMUSE 唇釉 测评,2026-02-14 00:00:00+00:00,2026-06-30 00:00:00+00:00,AMUSE 唇釉｜黄皮显白,通勤使用8小时记录，黄皮显白。下午会暗沉,#唇釉 #K-beauty,126,9,39,1,100k-1m,False
xiaohongshu,9407e81119802c75f76a,AMUSE,K-beauty,South Korea,mid,lip,AMUSE 唇泥 测评,2026-03-25 00:00:00+00:00,2026-06-30 00:00:00+00:00,AMUSE 唇泥｜持妆实测,通勤使用8小时记录，持妆实测。但有点卡粉,#唇泥 #K-beauty,70,5,7,1,10k-100k,False
xiaohongshu,2c98ae1dc53c4d4b3de4,AMUSE,K-beauty,South Korea,mid,lip,AMUSE 唇泥 测评,2026-06-18 00:00:00+00:00,2026-06-30 00:00:00+00:00,AMUSE 唇泥｜黄皮显白,通勤使用8小时记录，黄皮显白。下午会暗沉,#唇泥 #K-beauty,433,44,84,21,100k-1m,False
douyin,34c6fc2cd291a53e3d9e,AMUSE,K-beauty,South Korea,mid,lip,AMUSE 唇釉 测评,2026-05-12 00:00:00+00:00,2026-06-30 00:00:00+00:00,AMUSE 唇釉｜黄皮显白,通勤使用8小时记录，黄皮显白。,#唇釉 #K-beauty,132,12,17,5,10k-100k,False
douyin,fb4c364b0f6cd715cfcd,AMUSE,K-beauty,South Korea,mid,lip,AMUSE 唇泥 测评,2026-05-29 00:00:00+00:00,2026-06-30 00:00:00+00:00,AMUSE 唇泥｜遮瑕力在线,通勤使用8小时记录，遮瑕力在线。,#唇泥 #K-beauty,327,24,26,17,1k-10k,False
douyin,b965b02f5a8a70a68568,AMUSE,K-beauty,South Korea,mid,lip,AMUSE 口红 测评,2026-01-09 00:00:00+00:00,2026-06-30 00:00:00+00:00,AMUSE 口红｜学生党平替,通勤使用8小时记录，学生党平替。略微沾杯,#口红 #K-beauty,391,31,100,37,1k-10k,False
douyin,c4768d52e6bce683c2f6,AMUSE,K-beauty,South Korea,mid,lip,AMUSE 唇釉 测评,2026-01-03 00:00:00+00:00,2026-06-30 00:00:00+00:00,AMUSE 唇釉｜黄皮显白,通勤使用8小时记录，黄皮显白。略微沾杯,#唇釉 #K-beauty,624,44,231,33,1k-10k,False
douyin,2e226d3f49762d08f258,AMUSE,K-beauty,South Korea,mid,lip,AMUSE 唇釉 测评,2026-01-16 00:00:00+00:00,2026-06-30 00:00:00+00:00,AMUSE 唇釉｜轻薄服帖,通勤使用8小时记录，轻薄服帖。下午会暗沉,#唇釉 #K-beauty,143,3,10,14,1k-10k,False
xiaohongshu,535bc1bfef9a38423416,Laneige,K-beauty,South Korea,mid,lip,Laneige 口红 测评,2026-02-24 00:00:00+00:00,2026-06-30 00:00:00+00:00,Laneige 口红｜黄皮显白,通勤使用8小时记录，黄皮显白。干皮可能拔干,#口红 #K-beauty,90,5,32,2,1k-10k,False
xiaohongshu,5376cbff1bbd5e567bbb,Laneige,K-beauty,South Korea,mid,base,Laneige 粉底液 测评,2026-05-16 00:00:00+00:00,2026-06-30 00:00:00+00:00,Laneige 粉底液｜学生党平替,通勤使用8小时记录，学生党平替。但有点卡粉,#粉底液 #K-beauty,101,3,35,1,1k-10k,False
xiaohongshu,08369e823edb7d8bc32c,Laneige,K-beauty,South Korea,mid,lip,Laneige 口红 测评,2026-03-06 00:00:00+00:00,2026-06-30 00:00:00+00:00,Laneige 口红｜黄皮显白,通勤使用8小时记录，黄皮显白。下午会暗沉,#口红 #K-beauty,1438,161,350,38,10k-100k,False
xiaohongshu,114eabd4fe026b4984e8,Laneige,K-beauty,South Korea,mid,lip,Laneige 唇釉 测评,2026-01-03 00:00:00+00:00,2026-06-30 00:00:00+00:00,Laneige 唇釉｜轻薄服帖,通勤使用8小时记录，轻薄服帖。敏感肌先试用,#唇釉 #K-beauty,285,21,82,19,1k-10k,False
xiaohongshu,1225833ff5c23dc0ac72,Laneige,K-beauty,South Korea,mid,lip,Laneige 唇泥 测评,2026-04-06 00:00:00+00:00,2026-06-30 00:00:00+00:00,Laneige 唇泥｜学生党平替,通勤使用8小时记录，学生党平替。下午会暗沉,#唇泥 #K-beauty,1282,42,361,14,100k-1m,False
douyin,394040bfebe24fb40e75,Laneige,K-beauty,South Korea,mid,lip,Laneige 口红 测评,2026-06-23 00:00:00+00:00,2026-06-30 00:00:00+00:00,Laneige 口红｜遮瑕力在线,通勤使用8小时记录，遮瑕力在线。但有点卡粉,#口红 #K-beauty,730,56,200,37,1k-10k,False
douyin,be8c67efc91cf38486f4,Laneige,K-beauty,South Korea,mid,base,Laneige 粉底液 测评,2026-02-05 00:00:00+00:00,2026-06-30 00:00:00+00:00,Laneige 粉底液｜水光奶油肌,通勤使用8小时记录，水光奶油肌。敏感肌先试用,#粉底液 #K-beauty,221,20,37,18,10k-100k,False
douyin,182a9bae0767d2fadf00,Laneige,K-beauty,South Korea,mid,lip,Laneige 唇泥 测评,2026-05-21 00:00:00+00:00,2026-06-30 00:00:00+00:00,Laneige 唇泥｜轻薄服帖,通勤使用8小时记录，轻薄服帖。但有点卡粉,#唇泥 #K-beauty,2120,168,219,81,1k-10k,False
douyin,9b35b8a958d50fa66ea1,Laneige,K-beauty,South Korea,mid,lip,Laneige 口红 测评,2026-03-02 00:00:00+00:00,2026-06-30 00:00:00+00:00,Laneige 口红｜持妆实测,通勤使用8小时记录，持妆实测。干皮可能拔干,#口红 #K-beauty,99,6,8,8,10k-100k,False
douyin,e3557fe29e9db836a8c5,Laneige,K-beauty,South Korea,mid,lip,Laneige 唇泥 测评,2026-06-22 00:00:00+00:00,2026-06-30 00:00:00+00:00,Laneige 唇泥｜水光奶油肌,通勤使用8小时记录，水光奶油肌。下午会暗沉,#唇泥 #K-beauty,609,46,36,59,10k-100k,False
xiaohongshu,162150a84f9973213c78,Mistine,Thai beauty,Thailand,affordable,base,Mistine 粉底液 测评,2026-02-19 00:00:00+00:00,2026-06-30 00:00:00+00:00,Mistine 粉底液｜学生党平替,通勤使用8小时记录，学生党平替。但有点卡粉,#粉底液 #Thai beauty,37,1,8,3,1k-10k,False
xiaohongshu,7b1f74a2c9de007026f1,Mistine,Thai beauty,Thailand,affordable,base,Mistine 粉底液 测评,2026-04-11 00:00:00+00:00,2026-06-30 00:00:00+00:00,Mistine 粉底液｜水光奶油肌,通勤使用8小时记录，水光奶油肌。敏感肌先试用,#粉底液 #Thai beauty,48,3,12,4,100k-1m,False
xiaohongshu,badd55bfde947e9a0e89,Mistine,Thai beauty,Thailand,affordable,base,Mistine 气垫 测评,2026-01-24 00:00:00+00:00,2026-06-30 00:00:00+00:00,Mistine 气垫｜水光奶油肌,通勤使用8小时记录，水光奶油肌。但有点卡粉,#气垫 #Thai beauty,1023,96,380,48,1k-10k,False
xiaohongshu,c950b5ff5c9d14a60ed7,Mistine,Thai beauty,Thailand,affordable,base,Mistine 气垫 测评,2026-04-19 00:00:00+00:00,2026-06-30 00:00:00+00:00,Mistine 气垫｜黄皮显白,通勤使用8小时记录，黄皮显白。略微沾杯,#气垫 #Thai beauty,290,33,81,5,1k-10k,False
xiaohongshu,f50985e983d3030667b1,Mistine,Thai beauty,Thailand,affordable,base,Mistine 气垫 测评,2026-05-07 00:00:00+00:00,2026-06-30 00:00:00+00:00,Mistine 气垫｜学生党平替,通勤使用8小时记录，学生党平替。敏感肌先试用,#气垫 #Thai beauty,53,2,16,1,1k-10k,False
douyin,8347d895b5a250c0ddd3,Mistine,Thai beauty,Thailand,affordable,base,Mistine 粉饼 测评,2026-02-28 00:00:00+00:00,2026-06-30 00:00:00+00:00,Mistine 粉饼｜轻薄服帖,通勤使用8小时记录，轻薄服帖。,#粉饼 #Thai beauty,1471,40,103,130,100k-1m,False
douyin,0a1707d2fa759c9ec813,Mistine,Thai beauty,Thailand,affordable,base,Mistine 气垫 测评,2026-03-24 00:00:00+00:00,2026-06-30 00:00:00+00:00,Mistine 气垫｜学生党平替,通勤使用8小时记录，学生党平替。干皮可能拔干,#气垫 #Thai beauty,303,8,118,8,100k-1m,False
douyin,3b8aa3a1858d910b99c3,Mistine,Thai beauty,Thailand,affordable,base,Mistine 粉底液 测评,2026-03-31 00:00:00+00:00,2026-06-30 00:00:00+00:00,Mistine 粉底液｜持妆实测,通勤使用8小时记录，持妆实测。敏感肌先试用,#粉底液 #Thai beauty,774,33,78,60,100k-1m,False
douyin,f61f2a7bb696dceb283e,Mistine,Thai beauty,Thailand,affordable,base,Mistine 气垫 测评,2026-06-12 00:00:00+00:00,2026-06-30 00:00:00+00:00,Mistine 气垫｜黄皮显白,通勤使用8小时记录，黄皮显白。下午会暗沉,#气垫 #Thai beauty,256,20,86,21,1k-10k,False
douyin,1561e55c7fff9f77c6ab,Mistine,Thai beauty,Thailand,affordable,base,Mistine 气垫 测评,2026-01-07 00:00:00+00:00,2026-06-30 00:00:00+00:00,Mistine 气垫｜持妆实测,通勤使用8小时记录，持妆实测。,#气垫 #Thai beauty,291,26,56,12,100k-1m,False
xiaohongshu,9d4f20c87c07d6decf5b,4U2,Thai beauty,Thailand,affordable,lip,4U2 口红 测评,2026-06-29 00:00:00+00:00,2026-06-30 00:00:00+00:00,4U2 口红｜水光奶油肌,通勤使用8小时记录，水光奶油肌。敏感肌先试用,#口红 #Thai beauty,457,30,84,24,100k-1m,False
xiaohongshu,551cc2d7494c825d747c,4U2,Thai beauty,Thailand,affordable,lip,4U2 唇泥 测评,2026-04-26 00:00:00+00:00,2026-06-30 00:00:00+00:00,4U2 唇泥｜轻薄服帖,通勤使用8小时记录，轻薄服帖。略微沾杯,#唇泥 #Thai beauty,594,36,80,11,100k-1m,False
xiaohongshu,8bf838bfa583253b4245,4U2,Thai beauty,Thailand,affordable,lip,4U2 唇泥 测评,2026-02-04 00:00:00+00:00,2026-06-30 00:00:00+00:00,4U2 唇泥｜水光奶油肌,通勤使用8小时记录，水光奶油肌。下午会暗沉,#唇泥 #Thai beauty,365,15,87,33,1k-10k,False
xiaohongshu,558a87cf2532b5e6415f,4U2,Thai beauty,Thailand,affordable,lip,4U2 唇泥 测评,2026-04-23 00:00:00+00:00,2026-06-30 00:00:00+00:00,4U2 唇泥｜水光奶油肌,通勤使用8小时记录，水光奶油肌。,#唇泥 #Thai beauty,686,36,135,29,100k-1m,False
xiaohongshu,a680ebd157cb4a186140,4U2,Thai beauty,Thailand,affordable,lip,4U2 唇泥 测评,2026-01-15 00:00:00+00:00,2026-06-30 00:00:00+00:00,4U2 唇泥｜遮瑕力在线,通勤使用8小时记录，遮瑕力在线。略微沾杯,#唇泥 #Thai beauty,462,19,94,31,1k-10k,False
douyin,e77e6089b39ce0be2fe5,4U2,Thai beauty,Thailand,affordable,lip,4U2 口红 测评,2026-02-18 00:00:00+00:00,2026-06-30 00:00:00+00:00,4U2 口红｜持妆实测,通勤使用8小时记录，持妆实测。干皮可能拔干,#口红 #Thai beauty,520,27,184,51,1k-10k,False
douyin,8d2e3e510b91b9789404,4U2,Thai beauty,Thailand,affordable,lip,4U2 口红 测评,2026-06-25 00:00:00+00:00,2026-06-30 00:00:00+00:00,4U2 口红｜轻薄服帖,通勤使用8小时记录，轻薄服帖。但有点卡粉,#口红 #Thai beauty,257,21,41,23,1k-10k,False
douyin,181442eb87774f884e8d,4U2,Thai beauty,Thailand,affordable,lip,4U2 唇釉 测评,2026-02-13 00:00:00+00:00,2026-06-30 00:00:00+00:00,4U2 唇釉｜黄皮显白,通勤使用8小时记录，黄皮显白。,#唇釉 #Thai beauty,337,18,78,6,10k-100k,False
douyin,e874a0fc5b63099e972e,4U2,Thai beauty,Thailand,affordable,lip,4U2 唇泥 测评,2026-04-15 00:00:00+00:00,2026-06-30 00:00:00+00:00,4U2 唇泥｜轻薄服帖,通勤使用8小时记录，轻薄服帖。干皮可能拔干,#唇泥 #Thai beauty,600,61,136,9,100k-1m,False
douyin,2278e3adcacd545ae195,4U2,Thai beauty,Thailand,affordable,lip,4U2 口红 测评,2026-06-25 00:00:00+00:00,2026-06-30 00:00:00+00:00,4U2 口红｜学生党平替,通勤使用8小时记录，学生党平替。下午会暗沉,#口红 #Thai beauty,143,12,29,4,10k-100k,False
xiaohongshu,185cc514e3bc72cba452,Cathy Doll,Thai beauty,Thailand,affordable,base,Cathy Doll 粉饼 测评,2026-06-23 00:00:00+00:00,2026-06-30 00:00:00+00:00,Cathy Doll 粉饼｜轻薄服帖,通勤使用8小时记录，轻薄服帖。敏感肌先试用,#粉饼 #Thai beauty,1083,33,331,57,100k-1m,False
xiaohongshu,68ab848d6f10dee00edb,Cathy Doll,Thai beauty,Thailand,affordable,base,Cathy Doll 气垫 测评,2026-06-23 00:00:00+00:00,2026-06-30 00:00:00+00:00,Cathy Doll 气垫｜学生党平替,通勤使用8小时记录，学生党平替。敏感肌先试用,#气垫 #Thai beauty,189,10,41,13,10k-100k,False
xiaohongshu,fbf2808f12c80296d6ea,Cathy Doll,Thai beauty,Thailand,affordable,base,Cathy Doll 气垫 测评,2026-01-11 00:00:00+00:00,2026-06-30 00:00:00+00:00,Cathy Doll 气垫｜遮瑕力在线,通勤使用8小时记录，遮瑕力在线。敏感肌先试用,#气垫 #Thai beauty,411,20,71,36,1k-10k,False
xiaohongshu,34919cc7f511953aae0a,Cathy Doll,Thai beauty,Thailand,affordable,base,Cathy Doll 粉底液 测评,2026-05-28 00:00:00+00:00,2026-06-30 00:00:00+00:00,Cathy Doll 粉底液｜遮瑕力在线,通勤使用8小时记录，遮瑕力在线。下午会暗沉,#粉底液 #Thai beauty,394,14,64,7,100k-1m,False
xiaohongshu,c881b940c70afb4cc3c6,Cathy Doll,Thai beauty,Thailand,affordable,base,Cathy Doll 气垫 测评,2026-03-07 00:00:00+00:00,2026-06-30 00:00:00+00:00,Cathy Doll 气垫｜轻薄服帖,通勤使用8小时记录，轻薄服帖。但有点卡粉,#气垫 #Thai beauty,443,38,79,14,10k-100k,False
douyin,795b384fb3d6a75d0bfc,Cathy Doll,Thai beauty,Thailand,affordable,base,Cathy Doll 粉底液 测评,2026-04-23 00:00:00+00:00,2026-06-30 00:00:00+00:00,Cathy Doll 粉底液｜学生党平替,通勤使用8小时记录，学生党平替。但有点卡粉,#粉底液 #Thai beauty,203,6,35,2,100k-1m,False
douyin,a0c67a1a26596af8a449,Cathy Doll,Thai beauty,Thailand,affordable,base,Cathy Doll 粉底液 测评,2026-03-25 00:00:00+00:00,2026-06-30 00:00:00+00:00,Cathy Doll 粉底液｜水光奶油肌,通勤使用8小时记录，水光奶油肌。敏感肌先试用,#粉底液 #Thai beauty,505,51,199,45,10k-100k,False
douyin,0ea376fa77afa279057f,Cathy Doll,Thai beauty,Thailand,affordable,base,Cathy Doll 粉饼 测评,2026-02-28 00:00:00+00:00,2026-06-30 00:00:00+00:00,Cathy Doll 粉饼｜黄皮显白,通勤使用8小时记录，黄皮显白。略微沾杯,#粉饼 #Thai beauty,177,10,13,3,1k-10k,False
douyin,9b7a7595bbf08035c2a1,Cathy Doll,Thai beauty,Thailand,affordable,base,Cathy Doll 气垫 测评,2026-03-18 00:00:00+00:00,2026-06-30 00:00:00+00:00,Cathy Doll 气垫｜黄皮显白,通勤使用8小时记录，黄皮显白。,#气垫 #Thai beauty,60,2,5,4,1k-10k,False
douyin,c6af8a03e8340fad9345,Cathy Doll,Thai beauty,Thailand,affordable,base,Cathy Doll 粉底液 测评,2026-01-19 00:00:00+00:00,2026-06-30 00:00:00+00:00,Cathy Doll 粉底液｜黄皮显白,通勤使用8小时记录，黄皮显白。下午会暗沉,#粉底液 #Thai beauty,497,55,49,20,100k-1m,False
xiaohongshu,f1404c58e0f71d438b98,Cute Press,Thai beauty,Thailand,affordable,base,Cute Press 粉底液 测评,2026-01-26 00:00:00+00:00,2026-06-30 00:00:00+00:00,Cute Press 粉底液｜持妆实测,通勤使用8小时记录，持妆实测。干皮可能拔干,#粉底液 #Thai beauty,241,9,68,14,100k-1m,False
xiaohongshu,9d27a40c905b0baf5335,Cute Press,Thai beauty,Thailand,affordable,base,Cute Press 粉底液 测评,2026-03-02 00:00:00+00:00,2026-06-30 00:00:00+00:00,Cute Press 粉底液｜持妆实测,通勤使用8小时记录，持妆实测。,#粉底液 #Thai beauty,1274,38,271,36,1k-10k,False
xiaohongshu,e343c1188e5ba9e59065,Cute Press,Thai beauty,Thailand,affordable,base,Cute Press 气垫 测评,2026-03-21 00:00:00+00:00,2026-06-30 00:00:00+00:00,Cute Press 气垫｜学生党平替,通勤使用8小时记录，学生党平替。敏感肌先试用,#气垫 #Thai beauty,175,17,26,11,100k-1m,False
xiaohongshu,f3bb6cc317b2d79243f8,Cute Press,Thai beauty,Thailand,affordable,base,Cute Press 气垫 测评,2026-05-16 00:00:00+00:00,2026-06-30 00:00:00+00:00,Cute Press 气垫｜黄皮显白,通勤使用8小时记录，黄皮显白。下午会暗沉,#气垫 #Thai beauty,166,13,13,4,10k-100k,False
xiaohongshu,724d9396a7ad637ef7b8,Cute Press,Thai beauty,Thailand,affordable,base,Cute Press 粉饼 测评,2026-04-29 00:00:00+00:00,2026-06-30 00:00:00+00:00,Cute Press 粉饼｜学生党平替,通勤使用8小时记录，学生党平替。干皮可能拔干,#粉饼 #Thai beauty,968,68,133,13,100k-1m,False
douyin,84c6771c086ddc30d2ae,Cute Press,Thai beauty,Thailand,affordable,base,Cute Press 粉底液 测评,2026-05-11 00:00:00+00:00,2026-06-30 00:00:00+00:00,Cute Press 粉底液｜持妆实测,通勤使用8小时记录，持妆实测。敏感肌先试用,#粉底液 #Thai beauty,353,24,26,14,10k-100k,False
douyin,b0667db0371397c61cb4,Cute Press,Thai beauty,Thailand,affordable,base,Cute Press 粉饼 测评,2026-01-29 00:00:00+00:00,2026-06-30 00:00:00+00:00,Cute Press 粉饼｜遮瑕力在线,通勤使用8小时记录，遮瑕力在线。,#粉饼 #Thai beauty,353,15,117,8,10k-100k,False
douyin,880b67b9802046e726d8,Cute Press,Thai beauty,Thailand,affordable,base,Cute Press 气垫 测评,2026-03-03 00:00:00+00:00,2026-06-30 00:00:00+00:00,Cute Press 气垫｜学生党平替,通勤使用8小时记录，学生党平替。下午会暗沉,#气垫 #Thai beauty,112,9,40,4,100k-1m,False
douyin,9d750ddb76366288829e,Cute Press,Thai beauty,Thailand,affordable,base,Cute Press 气垫 测评,2026-06-23 00:00:00+00:00,2026-06-30 00:00:00+00:00,Cute Press 气垫｜轻薄服帖,通勤使用8小时记录，轻薄服帖。略微沾杯,#气垫 #Thai beauty,195,15,17,2,10k-100k,False
douyin,3a90e03432c5e3f977e2,Cute Press,Thai beauty,Thailand,affordable,base,Cute Press 粉底液 测评,2026-06-01 00:00:00+00:00,2026-06-30 00:00:00+00:00,Cute Press 粉底液｜黄皮显白,通勤使用8小时记录，黄皮显白。下午会暗沉,#粉底液 #Thai beauty,155,10,48,6,100k-1m,False
xiaohongshu,12550275dab654edda1f,Browit,Thai beauty,Thailand,affordable,eye,Browit 眉笔 测评,2026-03-02 00:00:00+00:00,2026-06-30 00:00:00+00:00,Browit 眉笔｜学生党平替,通勤使用8小时记录，学生党平替。略微沾杯,#眉笔 #Thai beauty,97,4,25,4,10k-100k,False
xiaohongshu,a763916509fd2f436b4e,Browit,Thai beauty,Thailand,affordable,eye,Browit 睫毛膏 测评,2026-01-19 00:00:00+00:00,2026-06-30 00:00:00+00:00,Browit 睫毛膏｜学生党平替,通勤使用8小时记录，学生党平替。略微沾杯,#睫毛膏 #Thai beauty,163,14,25,7,1k-10k,False
xiaohongshu,dc9c9fa60f3c394d9764,Browit,Thai beauty,Thailand,affordable,eye,Browit 睫毛膏 测评,2026-01-06 00:00:00+00:00,2026-06-30 00:00:00+00:00,Browit 睫毛膏｜学生党平替,通勤使用8小时记录，学生党平替。略微沾杯,#睫毛膏 #Thai beauty,18,1,6,1,100k-1m,False
xiaohongshu,220a71e393e68a5f20ba,Browit,Thai beauty,Thailand,affordable,eye,Browit 睫毛膏 测评,2026-05-22 00:00:00+00:00,2026-06-30 00:00:00+00:00,Browit 睫毛膏｜持妆实测,通勤使用8小时记录，持妆实测。,#睫毛膏 #Thai beauty,255,20,91,10,1k-10k,False
xiaohongshu,effec7829998bea5f22e,Browit,Thai beauty,Thailand,affordable,eye,Browit 睫毛膏 测评,2026-02-05 00:00:00+00:00,2026-06-30 00:00:00+00:00,Browit 睫毛膏｜学生党平替,通勤使用8小时记录，学生党平替。下午会暗沉,#睫毛膏 #Thai beauty,134,10,22,12,10k-100k,False
douyin,6e1f7908f1b6a92e823f,Browit,Thai beauty,Thailand,affordable,eye,Browit 眼影 测评,2026-04-11 00:00:00+00:00,2026-06-30 00:00:00+00:00,Browit 眼影｜遮瑕力在线,通勤使用8小时记录，遮瑕力在线。但有点卡粉,#眼影 #Thai beauty,592,58,210,23,100k-1m,False
douyin,c86c1b7177d2d1f8f8c9,Browit,Thai beauty,Thailand,affordable,eye,Browit 眼影 测评,2026-06-08 00:00:00+00:00,2026-06-30 00:00:00+00:00,Browit 眼影｜水光奶油肌,通勤使用8小时记录，水光奶油肌。下午会暗沉,#眼影 #Thai beauty,200,13,38,4,100k-1m,False
douyin,61d0a07d3d948c5d6a8c,Browit,Thai beauty,Thailand,affordable,eye,Browit 眉笔 测评,2026-01-19 00:00:00+00:00,2026-06-30 00:00:00+00:00,Browit 眉笔｜黄皮显白,通勤使用8小时记录，黄皮显白。敏感肌先试用,#眉笔 #Thai beauty,60,4,11,0,1k-10k,False
douyin,ab8e3959a7cdf385790a,Browit,Thai beauty,Thailand,affordable,eye,Browit 眼影 测评,2026-05-21 00:00:00+00:00,2026-06-30 00:00:00+00:00,Browit 眼影｜轻薄服帖,通勤使用8小时记录，轻薄服帖。干皮可能拔干,#眼影 #Thai beauty,326,27,95,24,10k-100k,False
douyin,d927c24c896e4c6d109f,Browit,Thai beauty,Thailand,affordable,eye,Browit 睫毛膏 测评,2026-01-17 00:00:00+00:00,2026-06-30 00:00:00+00:00,Browit 睫毛膏｜轻薄服帖,通勤使用8小时记录，轻薄服帖。敏感肌先试用,#睫毛膏 #Thai beauty,323,23,27,24,1k-10k,False
xiaohongshu,d88cdc28b3c5c432e274,Meilinda,Thai beauty,Thailand,affordable,base,Meilinda 气垫 测评,2026-05-01 00:00:00+00:00,2026-06-30 00:00:00+00:00,Meilinda 气垫｜轻薄服帖,通勤使用8小时记录，轻薄服帖。但有点卡粉,#气垫 #Thai beauty,672,46,107,60,100k-1m,False
xiaohongshu,9bc8692adc8b17fac1de,Meilinda,Thai beauty,Thailand,affordable,eye,Meilinda 眼影 测评,2026-06-14 00:00:00+00:00,2026-06-30 00:00:00+00:00,Meilinda 眼影｜水光奶油肌,通勤使用8小时记录，水光奶油肌。下午会暗沉,#眼影 #Thai beauty,101,4,14,8,10k-100k,False
xiaohongshu,af49162314fcc3d13d87,Meilinda,Thai beauty,Thailand,affordable,base,Meilinda 粉底液 测评,2026-04-12 00:00:00+00:00,2026-06-30 00:00:00+00:00,Meilinda 粉底液｜持妆实测,通勤使用8小时记录，持妆实测。略微沾杯,#粉底液 #Thai beauty,306,18,31,22,1k-10k,False
xiaohongshu,c56dc2bfdab981389e8c,Meilinda,Thai beauty,Thailand,affordable,base,Meilinda 粉底液 测评,2026-05-27 00:00:00+00:00,2026-06-30 00:00:00+00:00,Meilinda 粉底液｜水光奶油肌,通勤使用8小时记录，水光奶油肌。干皮可能拔干,#粉底液 #Thai beauty,70,7,24,1,10k-100k,False
xiaohongshu,a3bc66781cf20f371ec2,Meilinda,Thai beauty,Thailand,affordable,base,Meilinda 粉饼 测评,2026-04-03 00:00:00+00:00,2026-06-30 00:00:00+00:00,Meilinda 粉饼｜黄皮显白,通勤使用8小时记录，黄皮显白。但有点卡粉,#粉饼 #Thai beauty,812,41,269,20,1k-10k,False
douyin,083cb9f4f21e547fd3e7,Meilinda,Thai beauty,Thailand,affordable,eye,Meilinda 睫毛膏 测评,2026-04-14 00:00:00+00:00,2026-06-30 00:00:00+00:00,Meilinda 睫毛膏｜持妆实测,通勤使用8小时记录，持妆实测。,#睫毛膏 #Thai beauty,398,34,60,24,1k-10k,False
douyin,d5e16d1d0860d2d9820a,Meilinda,Thai beauty,Thailand,affordable,base,Meilinda 气垫 测评,2026-04-28 00:00:00+00:00,2026-06-30 00:00:00+00:00,Meilinda 气垫｜遮瑕力在线,通勤使用8小时记录，遮瑕力在线。干皮可能拔干,#气垫 #Thai beauty,73,3,15,2,10k-100k,False
douyin,084c2561b1ae2bb6a993,Meilinda,Thai beauty,Thailand,affordable,eye,Meilinda 睫毛膏 测评,2026-06-21 00:00:00+00:00,2026-06-30 00:00:00+00:00,Meilinda 睫毛膏｜持妆实测,通勤使用8小时记录，持妆实测。略微沾杯,#睫毛膏 #Thai beauty,85,5,11,8,1k-10k,False
douyin,c5dcc3f3f84057a292cc,Meilinda,Thai beauty,Thailand,affordable,eye,Meilinda 睫毛膏 测评,2026-04-15 00:00:00+00:00,2026-06-30 00:00:00+00:00,Meilinda 睫毛膏｜轻薄服帖,通勤使用8小时记录，轻薄服帖。,#睫毛膏 #Thai beauty,3834,363,891,46,10k-100k,False
douyin,9c81702d62fe944e8fa6,Meilinda,Thai beauty,Thailand,affordable,eye,Meilinda 眼影 测评,2026-04-18 00:00:00+00:00,2026-06-30 00:00:00+00:00,Meilinda 眼影｜轻薄服帖,通勤使用8小时记录，轻薄服帖。,#眼影 #Thai beauty,687,25,125,29,100k-1m,False
xiaohongshu,c7546e4e184217d935f3,CANMAKE,J-beauty,Japan,affordable,base,CANMAKE 粉饼 测评,2026-06-29 00:00:00+00:00,2026-06-30 00:00:00+00:00,CANMAKE 粉饼｜轻薄服帖,通勤使用8小时记录，轻薄服帖。,#粉饼 #J-beauty,1170,62,79,22,1k-10k,False
xiaohongshu,98e93b6c1e732cf96c88,CANMAKE,J-beauty,Japan,affordable,base,CANMAKE 气垫 测评,2026-06-07 00:00:00+00:00,2026-06-30 00:00:00+00:00,CANMAKE 气垫｜学生党平替,通勤使用8小时记录，学生党平替。略微沾杯,#气垫 #J-beauty,112,4,35,5,10k-100k,False
xiaohongshu,17e204a33f8f78700990,CANMAKE,J-beauty,Japan,affordable,base,CANMAKE 粉饼 测评,2026-01-28 00:00:00+00:00,2026-06-30 00:00:00+00:00,CANMAKE 粉饼｜学生党平替,通勤使用8小时记录，学生党平替。但有点卡粉,#粉饼 #J-beauty,297,21,57,24,1k-10k,False
xiaohongshu,2ed14fe60c5b0a1b6b22,CANMAKE,J-beauty,Japan,affordable,base,CANMAKE 气垫 测评,2026-01-02 00:00:00+00:00,2026-06-30 00:00:00+00:00,CANMAKE 气垫｜持妆实测,通勤使用8小时记录，持妆实测。但有点卡粉,#气垫 #J-beauty,173,11,57,4,10k-100k,False
xiaohongshu,44ac0361b972afeaebe2,CANMAKE,J-beauty,Japan,affordable,base,CANMAKE 粉饼 测评,2026-02-25 00:00:00+00:00,2026-06-30 00:00:00+00:00,CANMAKE 粉饼｜水光奶油肌,通勤使用8小时记录，水光奶油肌。略微沾杯,#粉饼 #J-beauty,77,8,15,3,10k-100k,False
douyin,771250335e261a8ec929,CANMAKE,J-beauty,Japan,affordable,base,CANMAKE 粉饼 测评,2026-04-21 00:00:00+00:00,2026-06-30 00:00:00+00:00,CANMAKE 粉饼｜黄皮显白,通勤使用8小时记录，黄皮显白。但有点卡粉,#粉饼 #J-beauty,394,29,22,21,10k-100k,False
douyin,42d45374a5bd90e14eb7,CANMAKE,J-beauty,Japan,affordable,base,CANMAKE 气垫 测评,2026-05-29 00:00:00+00:00,2026-06-30 00:00:00+00:00,CANMAKE 气垫｜遮瑕力在线,通勤使用8小时记录，遮瑕力在线。敏感肌先试用,#气垫 #J-beauty,62,2,12,3,1k-10k,False
douyin,67fa7cf02f47a09b2fc4,CANMAKE,J-beauty,Japan,affordable,base,CANMAKE 粉底液 测评,2026-01-08 00:00:00+00:00,2026-06-30 00:00:00+00:00,CANMAKE 粉底液｜轻薄服帖,通勤使用8小时记录，轻薄服帖。但有点卡粉,#粉底液 #J-beauty,581,49,123,30,100k-1m,False
douyin,44efcc25b6208762984f,CANMAKE,J-beauty,Japan,affordable,base,CANMAKE 气垫 测评,2026-03-03 00:00:00+00:00,2026-06-30 00:00:00+00:00,CANMAKE 气垫｜轻薄服帖,通勤使用8小时记录，轻薄服帖。,#气垫 #J-beauty,2227,86,603,56,10k-100k,False
douyin,623a5f1bc2039082786c,CANMAKE,J-beauty,Japan,affordable,base,CANMAKE 气垫 测评,2026-04-07 00:00:00+00:00,2026-06-30 00:00:00+00:00,CANMAKE 气垫｜持妆实测,通勤使用8小时记录，持妆实测。下午会暗沉,#气垫 #J-beauty,405,48,98,33,1k-10k,False
xiaohongshu,b2eb48fc69e0c6a12ecc,CEZANNE,J-beauty,Japan,affordable,base,CEZANNE 气垫 测评,2026-02-03 00:00:00+00:00,2026-06-30 00:00:00+00:00,CEZANNE 气垫｜水光奶油肌,通勤使用8小时记录，水光奶油肌。略微沾杯,#气垫 #J-beauty,251,19,34,21,100k-1m,False
xiaohongshu,016958f8db068661723a,CEZANNE,J-beauty,Japan,affordable,base,CEZANNE 气垫 测评,2026-03-22 00:00:00+00:00,2026-06-30 00:00:00+00:00,CEZANNE 气垫｜黄皮显白,通勤使用8小时记录，黄皮显白。敏感肌先试用,#气垫 #J-beauty,258,8,96,23,10k-100k,False
xiaohongshu,45babb53f19a6d7727ee,CEZANNE,J-beauty,Japan,affordable,base,CEZANNE 粉底液 测评,2026-04-10 00:00:00+00:00,2026-06-30 00:00:00+00:00,CEZANNE 粉底液｜学生党平替,通勤使用8小时记录，学生党平替。敏感肌先试用,#粉底液 #J-beauty,308,34,95,24,100k-1m,False
xiaohongshu,39e3ce222a9e0b520a97,CEZANNE,J-beauty,Japan,affordable,base,CEZANNE 粉饼 测评,2026-05-12 00:00:00+00:00,2026-06-30 00:00:00+00:00,CEZANNE 粉饼｜学生党平替,通勤使用8小时记录，学生党平替。下午会暗沉,#粉饼 #J-beauty,385,44,133,28,1k-10k,False
xiaohongshu,10f376ceb75c4b25d772,CEZANNE,J-beauty,Japan,affordable,base,CEZANNE 气垫 测评,2026-04-18 00:00:00+00:00,2026-06-30 00:00:00+00:00,CEZANNE 气垫｜轻薄服帖,通勤使用8小时记录，轻薄服帖。干皮可能拔干,#气垫 #J-beauty,397,43,21,5,1k-10k,False
douyin,b46f4db37e1537300910,CEZANNE,J-beauty,Japan,affordable,base,CEZANNE 粉底液 测评,2026-04-03 00:00:00+00:00,2026-06-30 00:00:00+00:00,CEZANNE 粉底液｜遮瑕力在线,通勤使用8小时记录，遮瑕力在线。下午会暗沉,#粉底液 #J-beauty,306,11,96,3,1k-10k,False
douyin,50917e43caaf1f382de9,CEZANNE,J-beauty,Japan,affordable,base,CEZANNE 气垫 测评,2026-01-21 00:00:00+00:00,2026-06-30 00:00:00+00:00,CEZANNE 气垫｜遮瑕力在线,通勤使用8小时记录，遮瑕力在线。,#气垫 #J-beauty,93,2,8,2,1k-10k,False
douyin,617f2582171f91d91cd2,CEZANNE,J-beauty,Japan,affordable,base,CEZANNE 粉底液 测评,2026-06-08 00:00:00+00:00,2026-06-30 00:00:00+00:00,CEZANNE 粉底液｜轻薄服帖,通勤使用8小时记录，轻薄服帖。略微沾杯,#粉底液 #J-beauty,229,20,39,3,100k-1m,False
douyin,be236bccc7d3134c84e0,CEZANNE,J-beauty,Japan,affordable,base,CEZANNE 气垫 测评,2026-05-25 00:00:00+00:00,2026-06-30 00:00:00+00:00,CEZANNE 气垫｜学生党平替,通勤使用8小时记录，学生党平替。下午会暗沉,#气垫 #J-beauty,424,46,112,14,100k-1m,False
douyin,ff34cfda363e18bb79d3,CEZANNE,J-beauty,Japan,affordable,base,CEZANNE 气垫 测评,2026-06-29 00:00:00+00:00,2026-06-30 00:00:00+00:00,CEZANNE 气垫｜水光奶油肌,通勤使用8小时记录，水光奶油肌。,#气垫 #J-beauty,101,3,40,1,1k-10k,False
xiaohongshu,6fa7b098cc33d369d61a,KATE,J-beauty,Japan,mid,base,KATE 粉饼 测评,2026-01-27 00:00:00+00:00,2026-06-30 00:00:00+00:00,KATE 粉饼｜轻薄服帖,通勤使用8小时记录，轻薄服帖。略微沾杯,#粉饼 #J-beauty,112,9,43,11,1k-10k,False
xiaohongshu,b639375c00dc92f9fed4,KATE,J-beauty,Japan,mid,base,KATE 粉底液 测评,2026-02-20 00:00:00+00:00,2026-06-30 00:00:00+00:00,KATE 粉底液｜持妆实测,通勤使用8小时记录，持妆实测。,#粉底液 #J-beauty,235,6,18,2,1k-10k,False
xiaohongshu,4b3836133130e59ef77b,KATE,J-beauty,Japan,mid,lip,KATE 唇泥 测评,2026-06-28 00:00:00+00:00,2026-06-30 00:00:00+00:00,KATE 唇泥｜黄皮显白,通勤使用8小时记录，黄皮显白。略微沾杯,#唇泥 #J-beauty,61,5,23,4,1k-10k,False
xiaohongshu,0625437c58b6b194f622,KATE,J-beauty,Japan,mid,lip,KATE 唇泥 测评,2026-02-06 00:00:00+00:00,2026-06-30 00:00:00+00:00,KATE 唇泥｜水光奶油肌,通勤使用8小时记录，水光奶油肌。干皮可能拔干,#唇泥 #J-beauty,70,6,6,6,10k-100k,False
xiaohongshu,f94d52837f05906db194,KATE,J-beauty,Japan,mid,base,KATE 粉底液 测评,2026-04-04 00:00:00+00:00,2026-06-30 00:00:00+00:00,KATE 粉底液｜遮瑕力在线,通勤使用8小时记录，遮瑕力在线。敏感肌先试用,#粉底液 #J-beauty,213,16,39,10,1k-10k,False
douyin,b51ecbf0f36d0b63338e,KATE,J-beauty,Japan,mid,lip,KATE 唇泥 测评,2026-03-13 00:00:00+00:00,2026-06-30 00:00:00+00:00,KATE 唇泥｜黄皮显白,通勤使用8小时记录，黄皮显白。但有点卡粉,#唇泥 #J-beauty,104,8,34,7,1k-10k,False
douyin,d1cf388fca9dfbf256b8,KATE,J-beauty,Japan,mid,lip,KATE 口红 测评,2026-01-23 00:00:00+00:00,2026-06-30 00:00:00+00:00,KATE 口红｜轻薄服帖,通勤使用8小时记录，轻薄服帖。,#口红 #J-beauty,172,8,64,11,10k-100k,False
douyin,ee2f1d822b331f63c52e,KATE,J-beauty,Japan,mid,lip,KATE 口红 测评,2026-01-09 00:00:00+00:00,2026-06-30 00:00:00+00:00,KATE 口红｜持妆实测,通勤使用8小时记录，持妆实测。,#口红 #J-beauty,43,1,7,3,10k-100k,False
douyin,8d6f78e67446860e108c,KATE,J-beauty,Japan,mid,base,KATE 粉底液 测评,2026-04-25 00:00:00+00:00,2026-06-30 00:00:00+00:00,KATE 粉底液｜黄皮显白,通勤使用8小时记录，黄皮显白。略微沾杯,#粉底液 #J-beauty,1181,96,64,67,10k-100k,False
douyin,4f881ad483aa11cf8079,KATE,J-beauty,Japan,mid,lip,KATE 唇泥 测评,2026-01-22 00:00:00+00:00,2026-06-30 00:00:00+00:00,KATE 唇泥｜遮瑕力在线,通勤使用8小时记录，遮瑕力在线。干皮可能拔干,#唇泥 #J-beauty,83,3,13,5,100k-1m,False
xiaohongshu,4023e41cefad83e49a0d,excel,J-beauty,Japan,mid,eye,excel 眼影 测评,2026-05-13 00:00:00+00:00,2026-06-30 00:00:00+00:00,excel 眼影｜持妆实测,通勤使用8小时记录，持妆实测。,#眼影 #J-beauty,1062,31,353,44,1k-10k,False
xiaohongshu,fb557d128211ff21194d,excel,J-beauty,Japan,mid,eye,excel 睫毛膏 测评,2026-06-16 00:00:00+00:00,2026-06-30 00:00:00+00:00,excel 睫毛膏｜持妆实测,通勤使用8小时记录，持妆实测。下午会暗沉,#睫毛膏 #J-beauty,132,14,45,13,100k-1m,False
xiaohongshu,48e88e89918cd07e2576,excel,J-beauty,Japan,mid,eye,excel 眼影 测评,2026-04-24 00:00:00+00:00,2026-06-30 00:00:00+00:00,excel 眼影｜轻薄服帖,通勤使用8小时记录，轻薄服帖。下午会暗沉,#眼影 #J-beauty,77,5,11,5,100k-1m,False
xiaohongshu,ff10b9fabd44b9d8bda5,excel,J-beauty,Japan,mid,eye,excel 睫毛膏 测评,2026-01-19 00:00:00+00:00,2026-06-30 00:00:00+00:00,excel 睫毛膏｜黄皮显白,通勤使用8小时记录，黄皮显白。敏感肌先试用,#睫毛膏 #J-beauty,163,7,28,2,1k-10k,False
xiaohongshu,6eb5932c1a8a3757232c,excel,J-beauty,Japan,mid,eye,excel 眉笔 测评,2026-01-10 00:00:00+00:00,2026-06-30 00:00:00+00:00,excel 眉笔｜黄皮显白,通勤使用8小时记录，黄皮显白。敏感肌先试用,#眉笔 #J-beauty,126,9,45,10,100k-1m,False
douyin,cd0ff45a627bf7868680,excel,J-beauty,Japan,mid,eye,excel 睫毛膏 测评,2026-02-19 00:00:00+00:00,2026-06-30 00:00:00+00:00,excel 睫毛膏｜黄皮显白,通勤使用8小时记录，黄皮显白。,#睫毛膏 #J-beauty,107,6,39,9,100k-1m,False
douyin,3a30528c6925c1257b47,excel,J-beauty,Japan,mid,eye,excel 眼影 测评,2026-02-07 00:00:00+00:00,2026-06-30 00:00:00+00:00,excel 眼影｜遮瑕力在线,通勤使用8小时记录，遮瑕力在线。,#眼影 #J-beauty,1033,87,108,83,100k-1m,False
douyin,8d44a44e7e06f89d536c,excel,J-beauty,Japan,mid,eye,excel 眼影 测评,2026-06-05 00:00:00+00:00,2026-06-30 00:00:00+00:00,excel 眼影｜遮瑕力在线,通勤使用8小时记录，遮瑕力在线。,#眼影 #J-beauty,596,54,50,7,100k-1m,False
douyin,c3e9c8371d70b8297994,excel,J-beauty,Japan,mid,eye,excel 睫毛膏 测评,2026-01-02 00:00:00+00:00,2026-06-30 00:00:00+00:00,excel 睫毛膏｜水光奶油肌,通勤使用8小时记录，水光奶油肌。略微沾杯,#睫毛膏 #J-beauty,382,38,132,22,1k-10k,False
douyin,9dc4da56d42cfc0ea91a,excel,J-beauty,Japan,mid,eye,excel 睫毛膏 测评,2026-04-27 00:00:00+00:00,2026-06-30 00:00:00+00:00,excel 睫毛膏｜黄皮显白,通勤使用8小时记录，黄皮显白。,#睫毛膏 #J-beauty,120,9,43,4,1k-10k,False
xiaohongshu,ee69eefcde063c0dec77,ADDICTION,J-beauty,Japan,premium,eye,ADDICTION 睫毛膏 测评,2026-01-19 00:00:00+00:00,2026-06-30 00:00:00+00:00,ADDICTION 睫毛膏｜轻薄服帖,通勤使用8小时记录，轻薄服帖。但有点卡粉,#睫毛膏 #J-beauty,248,17,72,23,100k-1m,False
xiaohongshu,68c49330595391c5ed5a,ADDICTION,J-beauty,Japan,premium,eye,ADDICTION 眉笔 测评,2026-06-12 00:00:00+00:00,2026-06-30 00:00:00+00:00,ADDICTION 眉笔｜轻薄服帖,通勤使用8小时记录，轻薄服帖。,#眉笔 #J-beauty,198,9,16,16,10k-100k,False
xiaohongshu,c48a192f6a4a62ab8e57,ADDICTION,J-beauty,Japan,premium,lip,ADDICTION 唇釉 测评,2026-01-30 00:00:00+00:00,2026-06-30 00:00:00+00:00,ADDICTION 唇釉｜黄皮显白,通勤使用8小时记录，黄皮显白。干皮可能拔干,#唇釉 #J-beauty,100,3,24,8,10k-100k,False
xiaohongshu,1c28c5ef0f7f73ad0961,ADDICTION,J-beauty,Japan,premium,eye,ADDICTION 睫毛膏 测评,2026-05-11 00:00:00+00:00,2026-06-30 00:00:00+00:00,ADDICTION 睫毛膏｜黄皮显白,通勤使用8小时记录，黄皮显白。略微沾杯,#睫毛膏 #J-beauty,412,15,41,28,1k-10k,False
xiaohongshu,a9705f6324ebc915159d,ADDICTION,J-beauty,Japan,premium,eye,ADDICTION 睫毛膏 测评,2026-01-17 00:00:00+00:00,2026-06-30 00:00:00+00:00,ADDICTION 睫毛膏｜遮瑕力在线,通勤使用8小时记录，遮瑕力在线。但有点卡粉,#睫毛膏 #J-beauty,344,19,42,14,100k-1m,False
douyin,f8ee3a15ca84f72e4703,ADDICTION,J-beauty,Japan,premium,lip,ADDICTION 口红 测评,2026-06-03 00:00:00+00:00,2026-06-30 00:00:00+00:00,ADDICTION 口红｜轻薄服帖,通勤使用8小时记录，轻薄服帖。但有点卡粉,#口红 #J-beauty,316,37,23,23,10k-100k,False
douyin,ab6960fada720ce3eda4,ADDICTION,J-beauty,Japan,premium,lip,ADDICTION 唇泥 测评,2026-04-23 00:00:00+00:00,2026-06-30 00:00:00+00:00,ADDICTION 唇泥｜学生党平替,通勤使用8小时记录，学生党平替。干皮可能拔干,#唇泥 #J-beauty,972,38,146,92,10k-100k,False
douyin,814cd0d11efabbe7be77,ADDICTION,J-beauty,Japan,premium,eye,ADDICTION 睫毛膏 测评,2026-05-18 00:00:00+00:00,2026-06-30 00:00:00+00:00,ADDICTION 睫毛膏｜轻薄服帖,通勤使用8小时记录，轻薄服帖。敏感肌先试用,#睫毛膏 #J-beauty,460,13,38,30,1k-10k,False
douyin,5c281c88f9737e37c9a7,ADDICTION,J-beauty,Japan,premium,lip,ADDICTION 唇泥 测评,2026-02-18 00:00:00+00:00,2026-06-30 00:00:00+00:00,ADDICTION 唇泥｜遮瑕力在线,通勤使用8小时记录，遮瑕力在线。,#唇泥 #J-beauty,800,79,48,33,1k-10k,False
douyin,d7764eb891bc13a8eab9,ADDICTION,J-beauty,Japan,premium,lip,ADDICTION 唇泥 测评,2026-01-02 00:00:00+00:00,2026-06-30 00:00:00+00:00,ADDICTION 唇泥｜黄皮显白,通勤使用8小时记录，黄皮显白。下午会暗沉,#唇泥 #J-beauty,67,7,26,2,100k-1m,False
xiaohongshu,640da62a6a8c0b8e89ed,SUQQU,J-beauty,Japan,luxury,base,SUQQU 气垫 测评,2026-05-01 00:00:00+00:00,2026-06-30 00:00:00+00:00,SUQQU 气垫｜水光奶油肌,通勤使用8小时记录，水光奶油肌。略微沾杯,#气垫 #J-beauty,76,7,27,5,1k-10k,False
xiaohongshu,cac5f885456adb1c172d,SUQQU,J-beauty,Japan,luxury,base,SUQQU 粉底液 测评,2026-03-13 00:00:00+00:00,2026-06-30 00:00:00+00:00,SUQQU 粉底液｜水光奶油肌,通勤使用8小时记录，水光奶油肌。干皮可能拔干,#粉底液 #J-beauty,131,5,44,6,10k-100k,False
xiaohongshu,273316f26aa99ab6d711,SUQQU,J-beauty,Japan,luxury,base,SUQQU 粉饼 测评,2026-01-28 00:00:00+00:00,2026-06-30 00:00:00+00:00,SUQQU 粉饼｜遮瑕力在线,通勤使用8小时记录，遮瑕力在线。敏感肌先试用,#粉饼 #J-beauty,113,7,18,9,100k-1m,False
xiaohongshu,cb71c16f32a1c9e1c447,SUQQU,J-beauty,Japan,luxury,base,SUQQU 气垫 测评,2026-04-14 00:00:00+00:00,2026-06-30 00:00:00+00:00,SUQQU 气垫｜轻薄服帖,通勤使用8小时记录，轻薄服帖。略微沾杯,#气垫 #J-beauty,269,31,72,17,1k-10k,False
xiaohongshu,ad7fe71d61be4660552b,SUQQU,J-beauty,Japan,luxury,base,SUQQU 粉饼 测评,2026-06-04 00:00:00+00:00,2026-06-30 00:00:00+00:00,SUQQU 粉饼｜持妆实测,通勤使用8小时记录，持妆实测。敏感肌先试用,#粉饼 #J-beauty,65,5,25,1,1k-10k,False
douyin,93083a0d9a48496f4c2e,SUQQU,J-beauty,Japan,luxury,base,SUQQU 气垫 测评,2026-04-12 00:00:00+00:00,2026-06-30 00:00:00+00:00,SUQQU 气垫｜黄皮显白,通勤使用8小时记录，黄皮显白。略微沾杯,#气垫 #J-beauty,284,33,83,4,10k-100k,False
douyin,c1076e4006e8206278c3,SUQQU,J-beauty,Japan,luxury,base,SUQQU 粉饼 测评,2026-03-21 00:00:00+00:00,2026-06-30 00:00:00+00:00,SUQQU 粉饼｜水光奶油肌,通勤使用8小时记录，水光奶油肌。略微沾杯,#粉饼 #J-beauty,15832,1845,4955,376,1k-10k,False
douyin,59bdebdcc4295fbd9e54,SUQQU,J-beauty,Japan,luxury,base,SUQQU 粉底液 测评,2026-05-23 00:00:00+00:00,2026-06-30 00:00:00+00:00,SUQQU 粉底液｜黄皮显白,通勤使用8小时记录，黄皮显白。敏感肌先试用,#粉底液 #J-beauty,87,3,24,4,100k-1m,False
douyin,4aaf3198a138decee341,SUQQU,J-beauty,Japan,luxury,base,SUQQU 气垫 测评,2026-02-02 00:00:00+00:00,2026-06-30 00:00:00+00:00,SUQQU 气垫｜持妆实测,通勤使用8小时记录，持妆实测。敏感肌先试用,#气垫 #J-beauty,313,10,19,27,10k-100k,False
douyin,753cbed2601d7b33ba4e,SUQQU,J-beauty,Japan,luxury,base,SUQQU 粉底液 测评,2026-01-05 00:00:00+00:00,2026-06-30 00:00:00+00:00,SUQQU 粉底液｜学生党平替,通勤使用8小时记录，学生党平替。,#粉底液 #J-beauty,871,26,98,49,100k-1m,False
xiaohongshu,fc83f0a97f18d36b2c04,Shiseido,J-beauty,Japan,premium,base,Shiseido 气垫 测评,2026-01-05 00:00:00+00:00,2026-06-30 00:00:00+00:00,Shiseido 气垫｜学生党平替,通勤使用8小时记录，学生党平替。干皮可能拔干,#气垫 #J-beauty,34,2,13,0,100k-1m,False
xiaohongshu,3c5995b83312825243ea,Shiseido,J-beauty,Japan,premium,lip,Shiseido 唇泥 测评,2026-03-12 00:00:00+00:00,2026-06-30 00:00:00+00:00,Shiseido 唇泥｜遮瑕力在线,通勤使用8小时记录，遮瑕力在线。下午会暗沉,#唇泥 #J-beauty,469,26,29,44,10k-100k,False
xiaohongshu,7c346ba58d94f7486da9,Shiseido,J-beauty,Japan,premium,lip,Shiseido 口红 测评,2026-02-05 00:00:00+00:00,2026-06-30 00:00:00+00:00,Shiseido 口红｜持妆实测,通勤使用8小时记录，持妆实测。敏感肌先试用,#口红 #J-beauty,62,2,20,2,10k-100k,False
xiaohongshu,3a4d6a13b9948f77c417,Shiseido,J-beauty,Japan,premium,lip,Shiseido 唇釉 测评,2026-01-31 00:00:00+00:00,2026-06-30 00:00:00+00:00,Shiseido 唇釉｜持妆实测,通勤使用8小时记录，持妆实测。敏感肌先试用,#唇釉 #J-beauty,1040,92,105,21,10k-100k,False
xiaohongshu,2b5cfc329bbd31eafa29,Shiseido,J-beauty,Japan,premium,lip,Shiseido 唇泥 测评,2026-01-31 00:00:00+00:00,2026-06-30 00:00:00+00:00,Shiseido 唇泥｜水光奶油肌,通勤使用8小时记录，水光奶油肌。略微沾杯,#唇泥 #J-beauty,521,28,199,29,100k-1m,False
douyin,c60e4319939f7e5a49ab,Shiseido,J-beauty,Japan,premium,base,Shiseido 气垫 测评,2026-01-14 00:00:00+00:00,2026-06-30 00:00:00+00:00,Shiseido 气垫｜轻薄服帖,通勤使用8小时记录，轻薄服帖。下午会暗沉,#气垫 #J-beauty,198,5,59,15,1k-10k,False
douyin,7543df956249cdc44058,Shiseido,J-beauty,Japan,premium,base,Shiseido 粉饼 测评,2026-03-22 00:00:00+00:00,2026-06-30 00:00:00+00:00,Shiseido 粉饼｜学生党平替,通勤使用8小时记录，学生党平替。,#粉饼 #J-beauty,243,25,83,12,1k-10k,False
douyin,e37deff1aebde77a254e,Shiseido,J-beauty,Japan,premium,lip,Shiseido 唇泥 测评,2026-05-05 00:00:00+00:00,2026-06-30 00:00:00+00:00,Shiseido 唇泥｜轻薄服帖,通勤使用8小时记录，轻薄服帖。干皮可能拔干,#唇泥 #J-beauty,511,19,52,26,10k-100k,False
douyin,7c25dd1aaa2d1eff4e9c,Shiseido,J-beauty,Japan,premium,base,Shiseido 粉底液 测评,2026-04-11 00:00:00+00:00,2026-06-30 00:00:00+00:00,Shiseido 粉底液｜遮瑕力在线,通勤使用8小时记录，遮瑕力在线。但有点卡粉,#粉底液 #J-beauty,325,30,58,32,1k-10k,False
douyin,d3cfa5eb76f41d43b4ea,Shiseido,J-beauty,Japan,premium,lip,Shiseido 口红 测评,2026-04-14 00:00:00+00:00,2026-06-30 00:00:00+00:00,Shiseido 口红｜水光奶油肌,通勤使用8小时记录，水光奶油肌。但有点卡粉,#口红 #J-beauty,358,26,61,24,1k-10k,False
xiaohongshu,4b2d9a3cc769cd005b88,Dior,International luxury,France,luxury,lip,Dior 口红 测评,2026-05-30 00:00:00+00:00,2026-06-30 00:00:00+00:00,Dior 口红｜轻薄服帖,通勤使用8小时记录，轻薄服帖。,#口红 #International luxury,258,15,17,9,10k-100k,False
xiaohongshu,7cfec56bf2004492e0f9,Dior,International luxury,France,luxury,lip,Dior 唇泥 测评,2026-01-11 00:00:00+00:00,2026-06-30 00:00:00+00:00,Dior 唇泥｜轻薄服帖,通勤使用8小时记录，轻薄服帖。干皮可能拔干,#唇泥 #International luxury,286,24,88,13,10k-100k,False
xiaohongshu,f8ef4a5d11cb0b264550,Dior,International luxury,France,luxury,lip,Dior 口红 测评,2026-05-25 00:00:00+00:00,2026-06-30 00:00:00+00:00,Dior 口红｜遮瑕力在线,通勤使用8小时记录，遮瑕力在线。下午会暗沉,#口红 #International luxury,1240,107,133,71,100k-1m,False
xiaohongshu,109e497980d9980acb8e,Dior,International luxury,France,luxury,lip,Dior 唇泥 测评,2026-06-06 00:00:00+00:00,2026-06-30 00:00:00+00:00,Dior 唇泥｜水光奶油肌,通勤使用8小时记录，水光奶油肌。敏感肌先试用,#唇泥 #International luxury,307,31,41,26,1k-10k,False
xiaohongshu,f5fe30555872e004ff8f,Dior,International luxury,France,luxury,lip,Dior 唇泥 测评,2026-01-22 00:00:00+00:00,2026-06-30 00:00:00+00:00,Dior 唇泥｜遮瑕力在线,通勤使用8小时记录，遮瑕力在线。略微沾杯,#唇泥 #International luxury,140,11,17,5,100k-1m,False
douyin,55b91abec46b563f1721,Dior,International luxury,France,luxury,base,Dior 粉饼 测评,2026-01-31 00:00:00+00:00,2026-06-30 00:00:00+00:00,Dior 粉饼｜水光奶油肌,通勤使用8小时记录，水光奶油肌。敏感肌先试用,#粉饼 #International luxury,327,25,17,5,10k-100k,False
douyin,6267ef7bc26900f7ba0a,Dior,International luxury,France,luxury,lip,Dior 唇釉 测评,2026-04-18 00:00:00+00:00,2026-06-30 00:00:00+00:00,Dior 唇釉｜学生党平替,通勤使用8小时记录，学生党平替。下午会暗沉,#唇釉 #International luxury,889,74,351,56,100k-1m,False
douyin,b7aeea9adf0b240faf0a,Dior,International luxury,France,luxury,lip,Dior 唇泥 测评,2026-06-20 00:00:00+00:00,2026-06-30 00:00:00+00:00,Dior 唇泥｜黄皮显白,通勤使用8小时记录，黄皮显白。但有点卡粉,#唇泥 #International luxury,255,17,35,6,10k-100k,False
douyin,47e7fa92ae97be184423,Dior,International luxury,France,luxury,lip,Dior 口红 测评,2026-02-14 00:00:00+00:00,2026-06-30 00:00:00+00:00,Dior 口红｜黄皮显白,通勤使用8小时记录，黄皮显白。敏感肌先试用,#口红 #International luxury,221,15,20,20,1k-10k,False
douyin,ab0a60a9776f0dd1c554,Dior,International luxury,France,luxury,lip,Dior 口红 测评,2026-05-20 00:00:00+00:00,2026-06-30 00:00:00+00:00,Dior 口红｜遮瑕力在线,通勤使用8小时记录，遮瑕力在线。略微沾杯,#口红 #International luxury,788,47,313,70,100k-1m,False
xiaohongshu,76b933165604b3c16871,YSL,International luxury,France,luxury,base,YSL 粉底液 测评,2026-01-14 00:00:00+00:00,2026-06-30 00:00:00+00:00,YSL 粉底液｜黄皮显白,通勤使用8小时记录，黄皮显白。,#粉底液 #International luxury,73,3,8,3,1k-10k,False
xiaohongshu,2502aa282ae67d25f447,YSL,International luxury,France,luxury,base,YSL 粉底液 测评,2026-01-18 00:00:00+00:00,2026-06-30 00:00:00+00:00,YSL 粉底液｜学生党平替,通勤使用8小时记录，学生党平替。略微沾杯,#粉底液 #International luxury,154,4,33,11,1k-10k,False
xiaohongshu,8f814963a3a5d4c1e595,YSL,International luxury,France,luxury,lip,YSL 唇釉 测评,2026-03-07 00:00:00+00:00,2026-06-30 00:00:00+00:00,YSL 唇釉｜轻薄服帖,通勤使用8小时记录，轻薄服帖。但有点卡粉,#唇釉 #International luxury,214,18,43,21,1k-10k,False
xiaohongshu,194adbaca8716fabb68f,YSL,International luxury,France,luxury,base,YSL 粉底液 测评,2026-02-12 00:00:00+00:00,2026-06-30 00:00:00+00:00,YSL 粉底液｜遮瑕力在线,通勤使用8小时记录，遮瑕力在线。下午会暗沉,#粉底液 #International luxury,159,7,31,13,100k-1m,False
xiaohongshu,3d3115e10a2ab32459de,YSL,International luxury,France,luxury,base,YSL 粉饼 测评,2026-03-18 00:00:00+00:00,2026-06-30 00:00:00+00:00,YSL 粉饼｜黄皮显白,通勤使用8小时记录，黄皮显白。,#粉饼 #International luxury,201,5,43,6,10k-100k,False
douyin,889ff972914d242853ea,YSL,International luxury,France,luxury,base,YSL 粉饼 测评,2026-01-11 00:00:00+00:00,2026-06-30 00:00:00+00:00,YSL 粉饼｜黄皮显白,通勤使用8小时记录，黄皮显白。,#粉饼 #International luxury,219,23,70,15,10k-100k,False
douyin,98885010e432c33505b5,YSL,International luxury,France,luxury,base,YSL 粉底液 测评,2026-02-05 00:00:00+00:00,2026-06-30 00:00:00+00:00,YSL 粉底液｜学生党平替,通勤使用8小时记录，学生党平替。但有点卡粉,#粉底液 #International luxury,156,5,16,14,1k-10k,False
douyin,9e56d13b65733f567cd1,YSL,International luxury,France,luxury,base,YSL 粉饼 测评,2026-02-17 00:00:00+00:00,2026-06-30 00:00:00+00:00,YSL 粉饼｜黄皮显白,通勤使用8小时记录，黄皮显白。干皮可能拔干,#粉饼 #International luxury,141,4,26,13,1k-10k,False
douyin,f44d0b6e91b6a6459cc5,YSL,International luxury,France,luxury,lip,YSL 口红 测评,2026-04-18 00:00:00+00:00,2026-06-30 00:00:00+00:00,YSL 口红｜学生党平替,通勤使用8小时记录，学生党平替。敏感肌先试用,#口红 #International luxury,348,12,94,19,10k-100k,False
douyin,cfc560b7bb8a7c57ddf4,YSL,International luxury,France,luxury,lip,YSL 口红 测评,2026-03-12 00:00:00+00:00,2026-06-30 00:00:00+00:00,YSL 口红｜持妆实测,通勤使用8小时记录，持妆实测。敏感肌先试用,#口红 #International luxury,2451,198,303,229,100k-1m,False
xiaohongshu,e3a9b01249c49b3b43d2,CHANEL,International luxury,France,luxury,base,CHANEL 粉饼 测评,2026-04-13 00:00:00+00:00,2026-06-30 00:00:00+00:00,CHANEL 粉饼｜遮瑕力在线,通勤使用8小时记录，遮瑕力在线。下午会暗沉,#粉饼 #International luxury,257,21,24,11,1k-10k,False
xiaohongshu,8eb548ebca1017a4158c,CHANEL,International luxury,France,luxury,lip,CHANEL 唇釉 测评,2026-03-25 00:00:00+00:00,2026-06-30 00:00:00+00:00,CHANEL 唇釉｜水光奶油肌,通勤使用8小时记录，水光奶油肌。略微沾杯,#唇釉 #International luxury,476,51,114,18,10k-100k,False
xiaohongshu,949f4e0ac9e47b42204a,CHANEL,International luxury,France,luxury,base,CHANEL 粉底液 测评,2026-05-21 00:00:00+00:00,2026-06-30 00:00:00+00:00,CHANEL 粉底液｜轻薄服帖,通勤使用8小时记录，轻薄服帖。敏感肌先试用,#粉底液 #International luxury,144,7,10,10,100k-1m,False
xiaohongshu,c8d02be51e4485df5985,CHANEL,International luxury,France,luxury,lip,CHANEL 唇泥 测评,2026-06-01 00:00:00+00:00,2026-06-30 00:00:00+00:00,CHANEL 唇泥｜学生党平替,通勤使用8小时记录，学生党平替。,#唇泥 #International luxury,562,58,155,11,10k-100k,False
xiaohongshu,a35d627ffe268b4da975,CHANEL,International luxury,France,luxury,base,CHANEL 粉底液 测评,2026-05-15 00:00:00+00:00,2026-06-30 00:00:00+00:00,CHANEL 粉底液｜遮瑕力在线,通勤使用8小时记录，遮瑕力在线。但有点卡粉,#粉底液 #International luxury,120,5,47,9,1k-10k,False
douyin,b73b6d71027440d1c7c8,CHANEL,International luxury,France,luxury,base,CHANEL 粉底液 测评,2026-06-28 00:00:00+00:00,2026-06-30 00:00:00+00:00,CHANEL 粉底液｜持妆实测,通勤使用8小时记录，持妆实测。但有点卡粉,#粉底液 #International luxury,405,22,28,17,1k-10k,False
douyin,4b4e1fd55ed8c02187b7,CHANEL,International luxury,France,luxury,base,CHANEL 粉底液 测评,2026-05-14 00:00:00+00:00,2026-06-30 00:00:00+00:00,CHANEL 粉底液｜学生党平替,通勤使用8小时记录，学生党平替。敏感肌先试用,#粉底液 #International luxury,360,13,52,28,100k-1m,False
douyin,57107f31b91c3634984b,CHANEL,International luxury,France,luxury,base,CHANEL 粉底液 测评,2026-03-24 00:00:00+00:00,2026-06-30 00:00:00+00:00,CHANEL 粉底液｜黄皮显白,通勤使用8小时记录，黄皮显白。但有点卡粉,#粉底液 #International luxury,585,30,125,45,10k-100k,False
douyin,146b1fe07ce456085af8,CHANEL,International luxury,France,luxury,lip,CHANEL 唇泥 测评,2026-04-17 00:00:00+00:00,2026-06-30 00:00:00+00:00,CHANEL 唇泥｜学生党平替,通勤使用8小时记录，学生党平替。略微沾杯,#唇泥 #International luxury,147,7,17,7,100k-1m,False
douyin,3f537ca4c4efc8b5316f,CHANEL,International luxury,France,luxury,base,CHANEL 粉饼 测评,2026-03-19 00:00:00+00:00,2026-06-30 00:00:00+00:00,CHANEL 粉饼｜黄皮显白,通勤使用8小时记录，黄皮显白。略微沾杯,#粉饼 #International luxury,77,5,26,2,100k-1m,False
xiaohongshu,801de0dfcdd81bf4b4f0,Armani Beauty,International luxury,Italy,luxury,lip,Armani Beauty 唇釉 测评,2026-01-20 00:00:00+00:00,2026-06-30 00:00:00+00:00,Armani Beauty 唇釉｜轻薄服帖,通勤使用8小时记录，轻薄服帖。,#唇釉 #International luxury,141,4,38,2,100k-1m,False
xiaohongshu,0d62921189c91d62600e,Armani Beauty,International luxury,Italy,luxury,lip,Armani Beauty 口红 测评,2026-01-16 00:00:00+00:00,2026-06-30 00:00:00+00:00,Armani Beauty 口红｜黄皮显白,通勤使用8小时记录，黄皮显白。略微沾杯,#口红 #International luxury,275,8,79,23,100k-1m,False
xiaohongshu,16ce16dceb640d68b2b3,Armani Beauty,International luxury,Italy,luxury,lip,Armani Beauty 唇釉 测评,2026-02-26 00:00:00+00:00,2026-06-30 00:00:00+00:00,Armani Beauty 唇釉｜学生党平替,通勤使用8小时记录，学生党平替。干皮可能拔干,#唇釉 #International luxury,285,26,59,13,1k-10k,False
xiaohongshu,731ad7a5c52458a80da3,Armani Beauty,International luxury,Italy,luxury,lip,Armani Beauty 口红 测评,2026-01-27 00:00:00+00:00,2026-06-30 00:00:00+00:00,Armani Beauty 口红｜学生党平替,通勤使用8小时记录，学生党平替。略微沾杯,#口红 #International luxury,291,34,79,11,10k-100k,False
xiaohongshu,90d332cee6d9ade9a80b,Armani Beauty,International luxury,Italy,luxury,base,Armani Beauty 气垫 测评,2026-04-08 00:00:00+00:00,2026-06-30 00:00:00+00:00,Armani Beauty 气垫｜遮瑕力在线,通勤使用8小时记录，遮瑕力在线。干皮可能拔干,#气垫 #International luxury,406,15,47,8,1k-10k,False
douyin,2c3eaabf274665748aec,Armani Beauty,International luxury,Italy,luxury,lip,Armani Beauty 口红 测评,2026-05-07 00:00:00+00:00,2026-06-30 00:00:00+00:00,Armani Beauty 口红｜学生党平替,通勤使用8小时记录，学生党平替。敏感肌先试用,#口红 #International luxury,117,8,21,6,1k-10k,False
douyin,8cd2ab5a81e580373d31,Armani Beauty,International luxury,Italy,luxury,base,Armani Beauty 气垫 测评,2026-02-06 00:00:00+00:00,2026-06-30 00:00:00+00:00,Armani Beauty 气垫｜遮瑕力在线,通勤使用8小时记录，遮瑕力在线。干皮可能拔干,#气垫 #International luxury,353,30,108,20,10k-100k,False
douyin,56e917e0ec0fb7cba59a,Armani Beauty,International luxury,Italy,luxury,lip,Armani Beauty 唇泥 测评,2026-01-15 00:00:00+00:00,2026-06-30 00:00:00+00:00,Armani Beauty 唇泥｜遮瑕力在线,通勤使用8小时记录，遮瑕力在线。敏感肌先试用,#唇泥 #International luxury,1439,85,542,105,1k-10k,False
douyin,e1e8cc8bb3525a8725db,Armani Beauty,International luxury,Italy,luxury,lip,Armani Beauty 口红 测评,2026-03-29 00:00:00+00:00,2026-06-30 00:00:00+00:00,Armani Beauty 口红｜轻薄服帖,通勤使用8小时记录，轻薄服帖。但有点卡粉,#口红 #International luxury,495,32,110,29,100k-1m,False
douyin,02e37f3455b61a49de0f,Armani Beauty,International luxury,Italy,luxury,base,Armani Beauty 气垫 测评,2026-01-02 00:00:00+00:00,2026-06-30 00:00:00+00:00,Armani Beauty 气垫｜水光奶油肌,通勤使用8小时记录，水光奶油肌。下午会暗沉,#气垫 #International luxury,206,24,79,2,1k-10k,False
xiaohongshu,5040e88c53ff19c6d988,Estée Lauder,International luxury,United States,luxury,base,Estée Lauder 粉饼 测评,2026-02-26 00:00:00+00:00,2026-06-30 00:00:00+00:00,Estée Lauder 粉饼｜水光奶油肌,通勤使用8小时记录，水光奶油肌。下午会暗沉,#粉饼 #International luxury,16,1,5,1,10k-100k,False
xiaohongshu,b4d083303a189e3f3222,Estée Lauder,International luxury,United States,luxury,base,Estée Lauder 粉饼 测评,2026-04-29 00:00:00+00:00,2026-06-30 00:00:00+00:00,Estée Lauder 粉饼｜水光奶油肌,通勤使用8小时记录，水光奶油肌。略微沾杯,#粉饼 #International luxury,851,52,178,12,1k-10k,False
xiaohongshu,0964725f73bc2d0539b7,Estée Lauder,International luxury,United States,luxury,base,Estée Lauder 气垫 测评,2026-05-01 00:00:00+00:00,2026-06-30 00:00:00+00:00,Estée Lauder 气垫｜轻薄服帖,通勤使用8小时记录，轻薄服帖。,#气垫 #International luxury,294,14,96,27,10k-100k,False
xiaohongshu,809c16c4f4a90e4120c2,Estée Lauder,International luxury,United States,luxury,base,Estée Lauder 粉饼 测评,2026-01-23 00:00:00+00:00,2026-06-30 00:00:00+00:00,Estée Lauder 粉饼｜遮瑕力在线,通勤使用8小时记录，遮瑕力在线。,#粉饼 #International luxury,372,41,52,19,100k-1m,False
xiaohongshu,78073ec5da94d4007bac,Estée Lauder,International luxury,United States,luxury,base,Estée Lauder 粉饼 测评,2026-03-05 00:00:00+00:00,2026-06-30 00:00:00+00:00,Estée Lauder 粉饼｜持妆实测,通勤使用8小时记录，持妆实测。干皮可能拔干,#粉饼 #International luxury,63,5,10,4,1k-10k,False
douyin,b4770e7e223a11633890,Estée Lauder,International luxury,United States,luxury,base,Estée Lauder 粉底液 测评,2026-01-12 00:00:00+00:00,2026-06-30 00:00:00+00:00,Estée Lauder 粉底液｜遮瑕力在线,通勤使用8小时记录，遮瑕力在线。干皮可能拔干,#粉底液 #International luxury,421,41,96,34,10k-100k,False
douyin,f64389e1f303ff7ea86b,Estée Lauder,International luxury,United States,luxury,base,Estée Lauder 粉饼 测评,2026-02-26 00:00:00+00:00,2026-06-30 00:00:00+00:00,Estée Lauder 粉饼｜水光奶油肌,通勤使用8小时记录，水光奶油肌。敏感肌先试用,#粉饼 #International luxury,66,1,4,1,10k-100k,False
douyin,cdbcc16c3b2e2ea6266d,Estée Lauder,International luxury,United States,luxury,base,Estée Lauder 粉饼 测评,2026-04-03 00:00:00+00:00,2026-06-30 00:00:00+00:00,Estée Lauder 粉饼｜持妆实测,通勤使用8小时记录，持妆实测。略微沾杯,#粉饼 #International luxury,325,20,97,13,1k-10k,False
douyin,35594d6e61918394f295,Estée Lauder,International luxury,United States,luxury,base,Estée Lauder 气垫 测评,2026-06-28 00:00:00+00:00,2026-06-30 00:00:00+00:00,Estée Lauder 气垫｜黄皮显白,通勤使用8小时记录，黄皮显白。略微沾杯,#气垫 #International luxury,665,41,130,37,1k-10k,False
douyin,1b101ee0346d10619b20,Estée Lauder,International luxury,United States,luxury,base,Estée Lauder 粉底液 测评,2026-01-19 00:00:00+00:00,2026-06-30 00:00:00+00:00,Estée Lauder 粉底液｜遮瑕力在线,通勤使用8小时记录，遮瑕力在线。但有点卡粉,#粉底液 #International luxury,105,3,19,5,100k-1m,False
xiaohongshu,e6589040e27928c3db8b,Lancôme,International luxury,France,luxury,base,Lancôme 气垫 测评,2026-02-05 00:00:00+00:00,2026-06-30 00:00:00+00:00,Lancôme 气垫｜遮瑕力在线,通勤使用8小时记录，遮瑕力在线。,#气垫 #International luxury,174,6,36,17,10k-100k,False
xiaohongshu,e2cad349a366809e0405,Lancôme,International luxury,France,luxury,base,Lancôme 气垫 测评,2026-02-22 00:00:00+00:00,2026-06-30 00:00:00+00:00,Lancôme 气垫｜水光奶油肌,通勤使用8小时记录，水光奶油肌。干皮可能拔干,#气垫 #International luxury,42,3,11,2,10k-100k,False
xiaohongshu,38db1f3f982ecc7bd2c2,Lancôme,International luxury,France,luxury,lip,Lancôme 口红 测评,2026-01-03 00:00:00+00:00,2026-06-30 00:00:00+00:00,Lancôme 口红｜遮瑕力在线,通勤使用8小时记录，遮瑕力在线。干皮可能拔干,#口红 #International luxury,83,2,29,2,1k-10k,False
xiaohongshu,5b37735f77e687585b05,Lancôme,International luxury,France,luxury,lip,Lancôme 唇泥 测评,2026-04-02 00:00:00+00:00,2026-06-30 00:00:00+00:00,Lancôme 唇泥｜黄皮显白,通勤使用8小时记录，黄皮显白。略微沾杯,#唇泥 #International luxury,92,5,11,6,10k-100k,False
xiaohongshu,db94281db518eb482a47,Lancôme,International luxury,France,luxury,base,Lancôme 粉饼 测评,2026-03-21 00:00:00+00:00,2026-06-30 00:00:00+00:00,Lancôme 粉饼｜遮瑕力在线,通勤使用8小时记录，遮瑕力在线。但有点卡粉,#粉饼 #International luxury,145,14,18,7,10k-100k,False
douyin,458000fcef123cbaf6ec,Lancôme,International luxury,France,luxury,lip,Lancôme 唇釉 测评,2026-04-05 00:00:00+00:00,2026-06-30 00:00:00+00:00,Lancôme 唇釉｜遮瑕力在线,通勤使用8小时记录，遮瑕力在线。但有点卡粉,#唇釉 #International luxury,305,20,80,6,10k-100k,False
douyin,117ca401d1d43b8b876d,Lancôme,International luxury,France,luxury,base,Lancôme 粉底液 测评,2026-03-23 00:00:00+00:00,2026-06-30 00:00:00+00:00,Lancôme 粉底液｜黄皮显白,通勤使用8小时记录，黄皮显白。,#粉底液 #International luxury,1762,77,377,101,100k-1m,False
douyin,95d6295e61b50bc4ebc6,Lancôme,International luxury,France,luxury,base,Lancôme 粉饼 测评,2026-04-20 00:00:00+00:00,2026-06-30 00:00:00+00:00,Lancôme 粉饼｜学生党平替,通勤使用8小时记录，学生党平替。略微沾杯,#粉饼 #International luxury,573,34,166,35,10k-100k,False
douyin,ccaf2c2ed4433f39f3ca,Lancôme,International luxury,France,luxury,lip,Lancôme 唇泥 测评,2026-05-01 00:00:00+00:00,2026-06-30 00:00:00+00:00,Lancôme 唇泥｜遮瑕力在线,通勤使用8小时记录，遮瑕力在线。但有点卡粉,#唇泥 #International luxury,72,7,11,2,10k-100k,False
douyin,c597868d14300c63fdb1,Lancôme,International luxury,France,luxury,lip,Lancôme 口红 测评,2026-05-22 00:00:00+00:00,2026-06-30 00:00:00+00:00,Lancôme 口红｜遮瑕力在线,通勤使用8小时记录，遮瑕力在线。敏感肌先试用,#口红 #International luxury,355,38,97,7,10k-100k,False
xiaohongshu,d13610be00ddfd8cd021,INTO YOU,Affordable C-beauty,China,affordable,lip,INTO YOU 口红 测评,2026-05-28 00:00:00+00:00,2026-06-30 00:00:00+00:00,INTO YOU 口红｜持妆实测,通勤使用8小时记录，持妆实测。但有点卡粉,#口红 #Affordable C-beauty,486,26,147,21,10k-100k,False
xiaohongshu,835a5ea7cdbd1f95f6a7,INTO YOU,Affordable C-beauty,China,affordable,lip,INTO YOU 唇泥 测评,2026-06-13 00:00:00+00:00,2026-06-30 00:00:00+00:00,INTO YOU 唇泥｜水光奶油肌,通勤使用8小时记录，水光奶油肌。干皮可能拔干,#唇泥 #Affordable C-beauty,102,8,39,8,1k-10k,False
xiaohongshu,83494965cfd49801c822,INTO YOU,Affordable C-beauty,China,affordable,lip,INTO YOU 唇泥 测评,2026-02-23 00:00:00+00:00,2026-06-30 00:00:00+00:00,INTO YOU 唇泥｜持妆实测,通勤使用8小时记录，持妆实测。略微沾杯,#唇泥 #Affordable C-beauty,410,39,72,6,100k-1m,False
xiaohongshu,d66ada50b5db3a4f4c8d,INTO YOU,Affordable C-beauty,China,affordable,lip,INTO YOU 唇泥 测评,2026-02-21 00:00:00+00:00,2026-06-30 00:00:00+00:00,INTO YOU 唇泥｜学生党平替,通勤使用8小时记录，学生党平替。敏感肌先试用,#唇泥 #Affordable C-beauty,195,4,12,14,1k-10k,False
xiaohongshu,eae5fa9e7446ddebe15b,INTO YOU,Affordable C-beauty,China,affordable,lip,INTO YOU 口红 测评,2026-04-23 00:00:00+00:00,2026-06-30 00:00:00+00:00,INTO YOU 口红｜水光奶油肌,通勤使用8小时记录，水光奶油肌。敏感肌先试用,#口红 #Affordable C-beauty,114,7,8,6,100k-1m,False
douyin,1165a4510268b9dbe8fe,INTO YOU,Affordable C-beauty,China,affordable,lip,INTO YOU 口红 测评,2026-05-12 00:00:00+00:00,2026-06-30 00:00:00+00:00,INTO YOU 口红｜水光奶油肌,通勤使用8小时记录，水光奶油肌。但有点卡粉,#口红 #Affordable C-beauty,84,4,9,1,1k-10k,False
douyin,d2e66df7e5043acbd2aa,INTO YOU,Affordable C-beauty,China,affordable,lip,INTO YOU 唇泥 测评,2026-06-03 00:00:00+00:00,2026-06-30 00:00:00+00:00,INTO YOU 唇泥｜学生党平替,通勤使用8小时记录，学生党平替。敏感肌先试用,#唇泥 #Affordable C-beauty,433,18,139,7,1k-10k,False
douyin,d6ab9e66560efc84529e,INTO YOU,Affordable C-beauty,China,affordable,lip,INTO YOU 唇泥 测评,2026-04-10 00:00:00+00:00,2026-06-30 00:00:00+00:00,INTO YOU 唇泥｜遮瑕力在线,通勤使用8小时记录，遮瑕力在线。下午会暗沉,#唇泥 #Affordable C-beauty,112,6,21,1,100k-1m,False
douyin,99bcabfda2b700779e46,INTO YOU,Affordable C-beauty,China,affordable,lip,INTO YOU 口红 测评,2026-04-01 00:00:00+00:00,2026-06-30 00:00:00+00:00,INTO YOU 口红｜持妆实测,通勤使用8小时记录，持妆实测。但有点卡粉,#口红 #Affordable C-beauty,446,27,158,8,10k-100k,False
douyin,015bb293ec1e02110406,INTO YOU,Affordable C-beauty,China,affordable,lip,INTO YOU 唇泥 测评,2026-01-07 00:00:00+00:00,2026-06-30 00:00:00+00:00,INTO YOU 唇泥｜遮瑕力在线,通勤使用8小时记录，遮瑕力在线。下午会暗沉,#唇泥 #Affordable C-beauty,497,13,37,21,1k-10k,False
xiaohongshu,e37098396f5f78249e55,Judydoll,Affordable C-beauty,China,affordable,eye,Judydoll 眉笔 测评,2026-02-09 00:00:00+00:00,2026-06-30 00:00:00+00:00,Judydoll 眉笔｜水光奶油肌,通勤使用8小时记录，水光奶油肌。略微沾杯,#眉笔 #Affordable C-beauty,81,5,11,7,1k-10k,False
xiaohongshu,8b144313b5ff108426c1,Judydoll,Affordable C-beauty,China,affordable,eye,Judydoll 眉笔 测评,2026-06-11 00:00:00+00:00,2026-06-30 00:00:00+00:00,Judydoll 眉笔｜持妆实测,通勤使用8小时记录，持妆实测。,#眉笔 #Affordable C-beauty,178,4,63,14,10k-100k,False
xiaohongshu,3b7e268433fcf054a0a4,Judydoll,Affordable C-beauty,China,affordable,eye,Judydoll 眼影 测评,2026-05-28 00:00:00+00:00,2026-06-30 00:00:00+00:00,Judydoll 眼影｜持妆实测,通勤使用8小时记录，持妆实测。,#眼影 #Affordable C-beauty,1047,115,384,101,10k-100k,False
xiaohongshu,7e8bc6e2b97c57a0c9b5,Judydoll,Affordable C-beauty,China,affordable,base,Judydoll 粉饼 测评,2026-04-13 00:00:00+00:00,2026-06-30 00:00:00+00:00,Judydoll 粉饼｜遮瑕力在线,通勤使用8小时记录，遮瑕力在线。敏感肌先试用,#粉饼 #Affordable C-beauty,409,13,132,17,1k-10k,False
xiaohongshu,afbabdce6d0dc314c9f1,Judydoll,Affordable C-beauty,China,affordable,eye,Judydoll 眼影 测评,2026-05-14 00:00:00+00:00,2026-06-30 00:00:00+00:00,Judydoll 眼影｜学生党平替,通勤使用8小时记录，学生党平替。但有点卡粉,#眼影 #Affordable C-beauty,290,12,74,11,10k-100k,False
douyin,962fe78b76f8c6e88099,Judydoll,Affordable C-beauty,China,affordable,base,Judydoll 气垫 测评,2026-02-06 00:00:00+00:00,2026-06-30 00:00:00+00:00,Judydoll 气垫｜学生党平替,通勤使用8小时记录，学生党平替。,#气垫 #Affordable C-beauty,260,25,46,25,1k-10k,False
douyin,b8f8671fed0cf4fd9ac2,Judydoll,Affordable C-beauty,China,affordable,eye,Judydoll 眉笔 测评,2026-04-19 00:00:00+00:00,2026-06-30 00:00:00+00:00,Judydoll 眉笔｜黄皮显白,通勤使用8小时记录，黄皮显白。干皮可能拔干,#眉笔 #Affordable C-beauty,584,47,164,35,100k-1m,False
douyin,eefe937ee8ecdd4678eb,Judydoll,Affordable C-beauty,China,affordable,eye,Judydoll 眼影 测评,2026-05-03 00:00:00+00:00,2026-06-30 00:00:00+00:00,Judydoll 眼影｜学生党平替,通勤使用8小时记录，学生党平替。但有点卡粉,#眼影 #Affordable C-beauty,241,13,47,23,1k-10k,False
douyin,6678064b687ad69075a7,Judydoll,Affordable C-beauty,China,affordable,eye,Judydoll 眼影 测评,2026-02-09 00:00:00+00:00,2026-06-30 00:00:00+00:00,Judydoll 眼影｜遮瑕力在线,通勤使用8小时记录，遮瑕力在线。,#眼影 #Affordable C-beauty,327,27,108,25,1k-10k,False
douyin,c3f7360f4993451c85bc,Judydoll,Affordable C-beauty,China,affordable,base,Judydoll 粉底液 测评,2026-06-03 00:00:00+00:00,2026-06-30 00:00:00+00:00,Judydoll 粉底液｜持妆实测,通勤使用8小时记录，持妆实测。敏感肌先试用,#粉底液 #Affordable C-beauty,218,10,76,13,100k-1m,False
xiaohongshu,96abb09abfcdaf29a54a,Colorkey,Affordable C-beauty,China,affordable,lip,Colorkey 口红 测评,2026-01-01 00:00:00+00:00,2026-06-30 00:00:00+00:00,Colorkey 口红｜水光奶油肌,通勤使用8小时记录，水光奶油肌。下午会暗沉,#口红 #Affordable C-beauty,508,26,45,34,100k-1m,False
xiaohongshu,d249a80dc07211559cc2,Colorkey,Affordable C-beauty,China,affordable,lip,Colorkey 唇泥 测评,2026-03-29 00:00:00+00:00,2026-06-30 00:00:00+00:00,Colorkey 唇泥｜轻薄服帖,通勤使用8小时记录，轻薄服帖。下午会暗沉,#唇泥 #Affordable C-beauty,91,7,23,5,1k-10k,False
xiaohongshu,0b3c5f52bf69386bf572,Colorkey,Affordable C-beauty,China,affordable,lip,Colorkey 口红 测评,2026-03-28 00:00:00+00:00,2026-06-30 00:00:00+00:00,Colorkey 口红｜遮瑕力在线,通勤使用8小时记录，遮瑕力在线。,#口红 #Affordable C-beauty,687,69,162,21,10k-100k,False
xiaohongshu,fb414150b3c36dad91d6,Colorkey,Affordable C-beauty,China,affordable,lip,Colorkey 唇泥 测评,2026-05-28 00:00:00+00:00,2026-06-30 00:00:00+00:00,Colorkey 唇泥｜水光奶油肌,通勤使用8小时记录，水光奶油肌。干皮可能拔干,#唇泥 #Affordable C-beauty,560,26,30,7,1k-10k,False
xiaohongshu,18b604db0af35c0c21af,Colorkey,Affordable C-beauty,China,affordable,lip,Colorkey 唇泥 测评,2026-01-22 00:00:00+00:00,2026-06-30 00:00:00+00:00,Colorkey 唇泥｜轻薄服帖,通勤使用8小时记录，轻薄服帖。干皮可能拔干,#唇泥 #Affordable C-beauty,851,60,205,15,10k-100k,False
douyin,02feae0b8cc08cd2a989,Colorkey,Affordable C-beauty,China,affordable,lip,Colorkey 唇釉 测评,2026-03-05 00:00:00+00:00,2026-06-30 00:00:00+00:00,Colorkey 唇釉｜黄皮显白,通勤使用8小时记录，黄皮显白。,#唇釉 #Affordable C-beauty,430,46,73,41,1k-10k,False
douyin,a1c4761c5c57dc509d41,Colorkey,Affordable C-beauty,China,affordable,lip,Colorkey 口红 测评,2026-04-14 00:00:00+00:00,2026-06-30 00:00:00+00:00,Colorkey 口红｜轻薄服帖,通勤使用8小时记录，轻薄服帖。,#口红 #Affordable C-beauty,294,29,75,9,100k-1m,False
douyin,7fcd3c47075b4c4e6ed9,Colorkey,Affordable C-beauty,China,affordable,lip,Colorkey 口红 测评,2026-05-08 00:00:00+00:00,2026-06-30 00:00:00+00:00,Colorkey 口红｜遮瑕力在线,通勤使用8小时记录，遮瑕力在线。,#口红 #Affordable C-beauty,226,12,42,10,10k-100k,False
douyin,7b436703b8ccb682703d,Colorkey,Affordable C-beauty,China,affordable,lip,Colorkey 唇釉 测评,2026-01-26 00:00:00+00:00,2026-06-30 00:00:00+00:00,Colorkey 唇釉｜持妆实测,通勤使用8小时记录，持妆实测。干皮可能拔干,#唇釉 #Affordable C-beauty,880,33,256,22,10k-100k,False
douyin,44bcf2e38531fe7fa7d8,Colorkey,Affordable C-beauty,China,affordable,lip,Colorkey 唇泥 测评,2026-03-29 00:00:00+00:00,2026-06-30 00:00:00+00:00,Colorkey 唇泥｜持妆实测,通勤使用8小时记录，持妆实测。略微沾杯,#唇泥 #Affordable C-beauty,426,16,89,40,1k-10k,False
xiaohongshu,a00d8f4b408ae652a33d,Perfect Diary,Affordable C-beauty,China,affordable,lip,Perfect Diary 口红 测评,2026-02-05 00:00:00+00:00,2026-06-30 00:00:00+00:00,Perfect Diary 口红｜黄皮显白,通勤使用8小时记录，黄皮显白。但有点卡粉,#口红 #Affordable C-beauty,630,24,220,42,100k-1m,False
xiaohongshu,bf633581e61d8b19aa12,Perfect Diary,Affordable C-beauty,China,affordable,base,Perfect Diary 粉饼 测评,2026-04-27 00:00:00+00:00,2026-06-30 00:00:00+00:00,Perfect Diary 粉饼｜水光奶油肌,通勤使用8小时记录，水光奶油肌。下午会暗沉,#粉饼 #Affordable C-beauty,125,3,22,8,1k-10k,False
xiaohongshu,d16407f9197e9cf6c9e3,Perfect Diary,Affordable C-beauty,China,affordable,lip,Perfect Diary 唇泥 测评,2026-01-03 00:00:00+00:00,2026-06-30 00:00:00+00:00,Perfect Diary 唇泥｜水光奶油肌,通勤使用8小时记录，水光奶油肌。干皮可能拔干,#唇泥 #Affordable C-beauty,81,5,25,2,10k-100k,False
xiaohongshu,365e57d1c663c8ae6617,Perfect Diary,Affordable C-beauty,China,affordable,lip,Perfect Diary 唇泥 测评,2026-02-17 00:00:00+00:00,2026-06-30 00:00:00+00:00,Perfect Diary 唇泥｜遮瑕力在线,通勤使用8小时记录，遮瑕力在线。,#唇泥 #Affordable C-beauty,152,9,23,1,1k-10k,False
xiaohongshu,d97d69dcc4eed143e924,Perfect Diary,Affordable C-beauty,China,affordable,lip,Perfect Diary 唇泥 测评,2026-06-01 00:00:00+00:00,2026-06-30 00:00:00+00:00,Perfect Diary 唇泥｜学生党平替,通勤使用8小时记录，学生党平替。干皮可能拔干,#唇泥 #Affordable C-beauty,109,7,11,7,1k-10k,False
douyin,858abcfe158ac5f1c923,Perfect Diary,Affordable C-beauty,China,affordable,base,Perfect Diary 气垫 测评,2026-05-04 00:00:00+00:00,2026-06-30 00:00:00+00:00,Perfect Diary 气垫｜持妆实测,通勤使用8小时记录，持妆实测。下午会暗沉,#气垫 #Affordable C-beauty,62,4,7,1,1k-10k,False
douyin,6c7128649f5ddc7d3de2,Perfect Diary,Affordable C-beauty,China,affordable,base,Perfect Diary 粉饼 测评,2026-03-16 00:00:00+00:00,2026-06-30 00:00:00+00:00,Perfect Diary 粉饼｜学生党平替,通勤使用8小时记录，学生党平替。下午会暗沉,#粉饼 #Affordable C-beauty,489,29,94,42,1k-10k,False
douyin,3355a57e747caa683843,Perfect Diary,Affordable C-beauty,China,affordable,lip,Perfect Diary 唇泥 测评,2026-01-05 00:00:00+00:00,2026-06-30 00:00:00+00:00,Perfect Diary 唇泥｜黄皮显白,通勤使用8小时记录，黄皮显白。略微沾杯,#唇泥 #Affordable C-beauty,298,22,27,3,1k-10k,False
douyin,1993ed34a44d2ff5b289,Perfect Diary,Affordable C-beauty,China,affordable,base,Perfect Diary 粉饼 测评,2026-05-21 00:00:00+00:00,2026-06-30 00:00:00+00:00,Perfect Diary 粉饼｜黄皮显白,通勤使用8小时记录，黄皮显白。略微沾杯,#粉饼 #Affordable C-beauty,64,5,18,3,10k-100k,False
douyin,5093bc02b386815e9954,Perfect Diary,Affordable C-beauty,China,affordable,lip,Perfect Diary 唇泥 测评,2026-04-22 00:00:00+00:00,2026-06-30 00:00:00+00:00,Perfect Diary 唇泥｜黄皮显白,通勤使用8小时记录，黄皮显白。敏感肌先试用,#唇泥 #Affordable C-beauty,180,5,63,7,1k-10k,False
xiaohongshu,e9504b48596e0b512903,Joocyee,Affordable C-beauty,China,mid,lip,Joocyee 唇泥 测评,2026-05-08 00:00:00+00:00,2026-06-30 00:00:00+00:00,Joocyee 唇泥｜持妆实测,通勤使用8小时记录，持妆实测。下午会暗沉,#唇泥 #Affordable C-beauty,1447,113,539,110,100k-1m,False
xiaohongshu,21c2f757100a2f0cd7ae,Joocyee,Affordable C-beauty,China,mid,lip,Joocyee 唇釉 测评,2026-01-28 00:00:00+00:00,2026-06-30 00:00:00+00:00,Joocyee 唇釉｜学生党平替,通勤使用8小时记录，学生党平替。干皮可能拔干,#唇釉 #Affordable C-beauty,88,9,17,0,1k-10k,False
xiaohongshu,76e0e4958d39843c3253,Joocyee,Affordable C-beauty,China,mid,base,Joocyee 粉饼 测评,2026-06-20 00:00:00+00:00,2026-06-30 00:00:00+00:00,Joocyee 粉饼｜黄皮显白,通勤使用8小时记录，黄皮显白。下午会暗沉,#粉饼 #Affordable C-beauty,165,15,10,13,100k-1m,False
xiaohongshu,5e88236d4401714c9136,Joocyee,Affordable C-beauty,China,mid,base,Joocyee 粉底液 测评,2026-02-16 00:00:00+00:00,2026-06-30 00:00:00+00:00,Joocyee 粉底液｜遮瑕力在线,通勤使用8小时记录，遮瑕力在线。略微沾杯,#粉底液 #Affordable C-beauty,82,6,17,2,10k-100k,False
xiaohongshu,3de70f61fae6b9593a8f,Joocyee,Affordable C-beauty,China,mid,lip,Joocyee 口红 测评,2026-03-03 00:00:00+00:00,2026-06-30 00:00:00+00:00,Joocyee 口红｜黄皮显白,通勤使用8小时记录，黄皮显白。,#口红 #Affordable C-beauty,413,32,69,38,1k-10k,False
douyin,24e1b074ad1230ef5142,Joocyee,Affordable C-beauty,China,mid,lip,Joocyee 口红 测评,2026-01-18 00:00:00+00:00,2026-06-30 00:00:00+00:00,Joocyee 口红｜学生党平替,通勤使用8小时记录，学生党平替。干皮可能拔干,#口红 #Affordable C-beauty,76,2,22,3,100k-1m,False
douyin,f211b1ce88e5898b42e6,Joocyee,Affordable C-beauty,China,mid,base,Joocyee 粉饼 测评,2026-03-09 00:00:00+00:00,2026-06-30 00:00:00+00:00,Joocyee 粉饼｜水光奶油肌,通勤使用8小时记录，水光奶油肌。干皮可能拔干,#粉饼 #Affordable C-beauty,763,57,82,36,10k-100k,False
douyin,b16000a1fa7524bc8597,Joocyee,Affordable C-beauty,China,mid,base,Joocyee 气垫 测评,2026-01-14 00:00:00+00:00,2026-06-30 00:00:00+00:00,Joocyee 气垫｜黄皮显白,通勤使用8小时记录，黄皮显白。敏感肌先试用,#气垫 #Affordable C-beauty,195,13,72,6,10k-100k,False
douyin,20c5d683f3dbf7bd5065,Joocyee,Affordable C-beauty,China,mid,lip,Joocyee 唇釉 测评,2026-02-23 00:00:00+00:00,2026-06-30 00:00:00+00:00,Joocyee 唇釉｜水光奶油肌,通勤使用8小时记录，水光奶油肌。略微沾杯,#唇釉 #Affordable C-beauty,435,15,137,22,1k-10k,False
douyin,e15590dc201a2a2f6e37,Joocyee,Affordable C-beauty,China,mid,base,Joocyee 粉底液 测评,2026-05-17 00:00:00+00:00,2026-06-30 00:00:00+00:00,Joocyee 粉底液｜遮瑕力在线,通勤使用8小时记录，遮瑕力在线。敏感肌先试用,#粉底液 #Affordable C-beauty,2076,84,365,67,1k-10k,False
xiaohongshu,fd174101aa6316279302,Carslan,Affordable C-beauty,China,mid,base,Carslan 气垫 测评,2026-01-16 00:00:00+00:00,2026-06-30 00:00:00+00:00,Carslan 气垫｜遮瑕力在线,通勤使用8小时记录，遮瑕力在线。略微沾杯,#气垫 #Affordable C-beauty,11,1,0,0,1k-10k,False
xiaohongshu,2a6a122b687d7dad0d4a,Carslan,Affordable C-beauty,China,mid,base,Carslan 粉饼 测评,2026-05-13 00:00:00+00:00,2026-06-30 00:00:00+00:00,Carslan 粉饼｜黄皮显白,通勤使用8小时记录，黄皮显白。但有点卡粉,#粉饼 #Affordable C-beauty,302,22,74,5,1k-10k,False
xiaohongshu,7fabf182dcfaf9bd62a2,Carslan,Affordable C-beauty,China,mid,base,Carslan 气垫 测评,2026-01-04 00:00:00+00:00,2026-06-30 00:00:00+00:00,Carslan 气垫｜轻薄服帖,通勤使用8小时记录，轻薄服帖。敏感肌先试用,#气垫 #Affordable C-beauty,125,12,10,1,1k-10k,False
xiaohongshu,a9e1b69ed7e0046c61b8,Carslan,Affordable C-beauty,China,mid,base,Carslan 粉底液 测评,2026-03-19 00:00:00+00:00,2026-06-30 00:00:00+00:00,Carslan 粉底液｜学生党平替,通勤使用8小时记录，学生党平替。,#粉底液 #Affordable C-beauty,183,10,18,14,1k-10k,False
xiaohongshu,3625e1cf5ed4f7b1c122,Carslan,Affordable C-beauty,China,mid,base,Carslan 粉饼 测评,2026-02-16 00:00:00+00:00,2026-06-30 00:00:00+00:00,Carslan 粉饼｜持妆实测,通勤使用8小时记录，持妆实测。下午会暗沉,#粉饼 #Affordable C-beauty,412,16,49,26,100k-1m,False
douyin,b5a16ffc5c0a00658949,Carslan,Affordable C-beauty,China,mid,base,Carslan 粉饼 测评,2026-06-07 00:00:00+00:00,2026-06-30 00:00:00+00:00,Carslan 粉饼｜遮瑕力在线,通勤使用8小时记录，遮瑕力在线。,#粉饼 #Affordable C-beauty,156,8,33,15,100k-1m,False
douyin,9ec210f9681c42e07932,Carslan,Affordable C-beauty,China,mid,base,Carslan 粉底液 测评,2026-03-07 00:00:00+00:00,2026-06-30 00:00:00+00:00,Carslan 粉底液｜遮瑕力在线,通勤使用8小时记录，遮瑕力在线。敏感肌先试用,#粉底液 #Affordable C-beauty,801,20,62,73,10k-100k,False
douyin,78a9867054f263488e4f,Carslan,Affordable C-beauty,China,mid,base,Carslan 气垫 测评,2026-03-05 00:00:00+00:00,2026-06-30 00:00:00+00:00,Carslan 气垫｜持妆实测,通勤使用8小时记录，持妆实测。略微沾杯,#气垫 #Affordable C-beauty,940,39,232,34,1k-10k,False
douyin,ae3368bdeed2e9fc4c51,Carslan,Affordable C-beauty,China,mid,base,Carslan 粉饼 测评,2026-05-15 00:00:00+00:00,2026-06-30 00:00:00+00:00,Carslan 粉饼｜黄皮显白,通勤使用8小时记录，黄皮显白。略微沾杯,#粉饼 #Affordable C-beauty,69,5,6,5,1k-10k,False
douyin,5310b08e4325c6b4c0fa,Carslan,Affordable C-beauty,China,mid,base,Carslan 粉饼 测评,2026-01-15 00:00:00+00:00,2026-06-30 00:00:00+00:00,Carslan 粉饼｜学生党平替,通勤使用8小时记录，学生党平替。但有点卡粉,#粉饼 #Affordable C-beauty,475,35,74,16,100k-1m,False
xiaohongshu,aa20b71610d46fd605cf,MAOGEPING,Premium C-beauty,China,premium,base,MAOGEPING 气垫 测评,2026-04-11 00:00:00+00:00,2026-06-30 00:00:00+00:00,MAOGEPING 气垫｜黄皮显白,通勤使用8小时记录，黄皮显白。下午会暗沉,#气垫 #Premium C-beauty,1460,167,327,17,10k-100k,False
xiaohongshu,83c1fabaff8afcf155fb,MAOGEPING,Premium C-beauty,China,premium,base,MAOGEPING 粉底液 测评,2026-02-02 00:00:00+00:00,2026-06-30 00:00:00+00:00,MAOGEPING 粉底液｜黄皮显白,通勤使用8小时记录，黄皮显白。干皮可能拔干,#粉底液 #Premium C-beauty,187,9,16,14,10k-100k,False
xiaohongshu,f6819715b048fe61f429,MAOGEPING,Premium C-beauty,China,premium,base,MAOGEPING 粉底液 测评,2026-04-16 00:00:00+00:00,2026-06-30 00:00:00+00:00,MAOGEPING 粉底液｜水光奶油肌,通勤使用8小时记录，水光奶油肌。敏感肌先试用,#粉底液 #Premium C-beauty,328,26,120,24,10k-100k,False
xiaohongshu,b3c5ccf91bb7be021caa,MAOGEPING,Premium C-beauty,China,premium,base,MAOGEPING 粉饼 测评,2026-03-13 00:00:00+00:00,2026-06-30 00:00:00+00:00,MAOGEPING 粉饼｜遮瑕力在线,通勤使用8小时记录，遮瑕力在线。干皮可能拔干,#粉饼 #Premium C-beauty,226,19,12,20,10k-100k,False
xiaohongshu,d1b8e341f55ee3801829,MAOGEPING,Premium C-beauty,China,premium,base,MAOGEPING 粉饼 测评,2026-04-02 00:00:00+00:00,2026-06-30 00:00:00+00:00,MAOGEPING 粉饼｜轻薄服帖,通勤使用8小时记录，轻薄服帖。,#粉饼 #Premium C-beauty,396,24,84,22,10k-100k,False
douyin,97a70a5b91a9c1d11292,MAOGEPING,Premium C-beauty,China,premium,base,MAOGEPING 气垫 测评,2026-06-11 00:00:00+00:00,2026-06-30 00:00:00+00:00,MAOGEPING 气垫｜水光奶油肌,通勤使用8小时记录，水光奶油肌。但有点卡粉,#气垫 #Premium C-beauty,101,10,12,7,1k-10k,False
douyin,eb55b873e7f900088809,MAOGEPING,Premium C-beauty,China,premium,base,MAOGEPING 粉底液 测评,2026-03-09 00:00:00+00:00,2026-06-30 00:00:00+00:00,MAOGEPING 粉底液｜遮瑕力在线,通勤使用8小时记录，遮瑕力在线。下午会暗沉,#粉底液 #Premium C-beauty,392,42,27,21,10k-100k,False
douyin,49d3a8f0a1dc893d23ee,MAOGEPING,Premium C-beauty,China,premium,base,MAOGEPING 粉底液 测评,2026-03-01 00:00:00+00:00,2026-06-30 00:00:00+00:00,MAOGEPING 粉底液｜轻薄服帖,通勤使用8小时记录，轻薄服帖。干皮可能拔干,#粉底液 #Premium C-beauty,1128,73,346,79,10k-100k,False
douyin,b7c20f60b4bc6803af11,MAOGEPING,Premium C-beauty,China,premium,base,MAOGEPING 气垫 测评,2026-06-27 00:00:00+00:00,2026-06-30 00:00:00+00:00,MAOGEPING 气垫｜遮瑕力在线,通勤使用8小时记录，遮瑕力在线。,#气垫 #Premium C-beauty,254,27,80,19,10k-100k,False
douyin,c4304373393664484ffc,MAOGEPING,Premium C-beauty,China,premium,base,MAOGEPING 粉饼 测评,2026-05-21 00:00:00+00:00,2026-06-30 00:00:00+00:00,MAOGEPING 粉饼｜学生党平替,通勤使用8小时记录，学生党平替。但有点卡粉,#粉饼 #Premium C-beauty,109,8,24,9,100k-1m,False
xiaohongshu,519bbc14eb54cc92411d,TIMAGE,Premium C-beauty,China,premium,base,TIMAGE 粉底液 测评,2026-01-21 00:00:00+00:00,2026-06-30 00:00:00+00:00,TIMAGE 粉底液｜轻薄服帖,通勤使用8小时记录，轻薄服帖。略微沾杯,#粉底液 #Premium C-beauty,150,16,37,4,100k-1m,False
xiaohongshu,41cd3c1561f69d0b1bc6,TIMAGE,Premium C-beauty,China,premium,base,TIMAGE 气垫 测评,2026-04-22 00:00:00+00:00,2026-06-30 00:00:00+00:00,TIMAGE 气垫｜持妆实测,通勤使用8小时记录，持妆实测。下午会暗沉,#气垫 #Premium C-beauty,176,14,68,6,1k-10k,False
xiaohongshu,62678229a7b7a9b6623d,TIMAGE,Premium C-beauty,China,premium,base,TIMAGE 粉底液 测评,2026-03-06 00:00:00+00:00,2026-06-30 00:00:00+00:00,TIMAGE 粉底液｜水光奶油肌,通勤使用8小时记录，水光奶油肌。下午会暗沉,#粉底液 #Premium C-beauty,485,43,173,17,100k-1m,False
xiaohongshu,ed1e06bf42aa1cab46e9,TIMAGE,Premium C-beauty,China,premium,base,TIMAGE 气垫 测评,2026-05-06 00:00:00+00:00,2026-06-30 00:00:00+00:00,TIMAGE 气垫｜黄皮显白,通勤使用8小时记录，黄皮显白。敏感肌先试用,#气垫 #Premium C-beauty,917,38,305,52,1k-10k,False
xiaohongshu,11dce2f98fe2c0ef5c0e,TIMAGE,Premium C-beauty,China,premium,base,TIMAGE 气垫 测评,2026-03-09 00:00:00+00:00,2026-06-30 00:00:00+00:00,TIMAGE 气垫｜轻薄服帖,通勤使用8小时记录，轻薄服帖。略微沾杯,#气垫 #Premium C-beauty,1051,101,330,63,100k-1m,False
douyin,1607a209e65379218e24,TIMAGE,Premium C-beauty,China,premium,base,TIMAGE 粉饼 测评,2026-05-01 00:00:00+00:00,2026-06-30 00:00:00+00:00,TIMAGE 粉饼｜持妆实测,通勤使用8小时记录，持妆实测。但有点卡粉,#粉饼 #Premium C-beauty,290,26,105,6,1k-10k,False
douyin,7a2b5de3ca3332affbff,TIMAGE,Premium C-beauty,China,premium,base,TIMAGE 气垫 测评,2026-05-12 00:00:00+00:00,2026-06-30 00:00:00+00:00,TIMAGE 气垫｜遮瑕力在线,通勤使用8小时记录，遮瑕力在线。略微沾杯,#气垫 #Premium C-beauty,458,24,139,26,10k-100k,False
douyin,075e2c09c61cae495ac9,TIMAGE,Premium C-beauty,China,premium,base,TIMAGE 粉底液 测评,2026-01-29 00:00:00+00:00,2026-06-30 00:00:00+00:00,TIMAGE 粉底液｜学生党平替,通勤使用8小时记录，学生党平替。干皮可能拔干,#粉底液 #Premium C-beauty,436,27,139,4,1k-10k,False
douyin,bcbbf59879fc5ced6df5,TIMAGE,Premium C-beauty,China,premium,base,TIMAGE 粉底液 测评,2026-03-30 00:00:00+00:00,2026-06-30 00:00:00+00:00,TIMAGE 粉底液｜轻薄服帖,通勤使用8小时记录，轻薄服帖。,#粉底液 #Premium C-beauty,321,15,128,6,100k-1m,False
douyin,ebd773a868b96cc99ee3,TIMAGE,Premium C-beauty,China,premium,base,TIMAGE 粉饼 测评,2026-01-03 00:00:00+00:00,2026-06-30 00:00:00+00:00,TIMAGE 粉饼｜水光奶油肌,通勤使用8小时记录，水光奶油肌。略微沾杯,#粉饼 #Premium C-beauty,484,51,43,36,1k-10k,False
xiaohongshu,75c7aa6193c589211c11,Florasis,Premium C-beauty,China,premium,base,Florasis 气垫 测评,2026-05-02 00:00:00+00:00,2026-06-30 00:00:00+00:00,Florasis 气垫｜遮瑕力在线,通勤使用8小时记录，遮瑕力在线。但有点卡粉,#气垫 #Premium C-beauty,152,17,44,14,10k-100k,False
xiaohongshu,99829dfd0cb1d1941128,Florasis,Premium C-beauty,China,premium,base,Florasis 气垫 测评,2026-02-08 00:00:00+00:00,2026-06-30 00:00:00+00:00,Florasis 气垫｜遮瑕力在线,通勤使用8小时记录，遮瑕力在线。敏感肌先试用,#气垫 #Premium C-beauty,246,28,92,20,10k-100k,False
xiaohongshu,90d6d225dd9c24670e65,Florasis,Premium C-beauty,China,premium,lip,Florasis 唇釉 测评,2026-04-19 00:00:00+00:00,2026-06-30 00:00:00+00:00,Florasis 唇釉｜黄皮显白,通勤使用8小时记录，黄皮显白。,#唇釉 #Premium C-beauty,72,4,8,1,100k-1m,False
xiaohongshu,174aa4e81324537999df,Florasis,Premium C-beauty,China,premium,base,Florasis 粉饼 测评,2026-02-19 00:00:00+00:00,2026-06-30 00:00:00+00:00,Florasis 粉饼｜遮瑕力在线,通勤使用8小时记录，遮瑕力在线。略微沾杯,#粉饼 #Premium C-beauty,648,29,235,24,100k-1m,False
xiaohongshu,418d96c82199907e08d9,Florasis,Premium C-beauty,China,premium,lip,Florasis 唇泥 测评,2026-05-31 00:00:00+00:00,2026-06-30 00:00:00+00:00,Florasis 唇泥｜水光奶油肌,通勤使用8小时记录，水光奶油肌。,#唇泥 #Premium C-beauty,202,6,30,10,1k-10k,False
douyin,6326d9cd6b986a45e0af,Florasis,Premium C-beauty,China,premium,base,Florasis 粉饼 测评,2026-03-25 00:00:00+00:00,2026-06-30 00:00:00+00:00,Florasis 粉饼｜黄皮显白,通勤使用8小时记录，黄皮显白。干皮可能拔干,#粉饼 #Premium C-beauty,604,27,147,19,1k-10k,False
douyin,7756af589d46a0afceba,Florasis,Premium C-beauty,China,premium,lip,Florasis 唇泥 测评,2026-03-16 00:00:00+00:00,2026-06-30 00:00:00+00:00,Florasis 唇泥｜黄皮显白,通勤使用8小时记录，黄皮显白。,#唇泥 #Premium C-beauty,312,23,88,21,1k-10k,False
douyin,42d69f13c8442deb9067,Florasis,Premium C-beauty,China,premium,base,Florasis 粉饼 测评,2026-01-15 00:00:00+00:00,2026-06-30 00:00:00+00:00,Florasis 粉饼｜黄皮显白,通勤使用8小时记录，黄皮显白。但有点卡粉,#粉饼 #Premium C-beauty,442,23,34,37,10k-100k,False
douyin,d042731b725d26d08aae,Florasis,Premium C-beauty,China,premium,base,Florasis 粉饼 测评,2026-03-30 00:00:00+00:00,2026-06-30 00:00:00+00:00,Florasis 粉饼｜轻薄服帖,通勤使用8小时记录，轻薄服帖。干皮可能拔干,#粉饼 #Premium C-beauty,58,2,23,5,100k-1m,False
douyin,80313e3de7c2ff895f5c,Florasis,Premium C-beauty,China,premium,lip,Florasis 唇釉 测评,2026-04-04 00:00:00+00:00,2026-06-30 00:00:00+00:00,Florasis 唇釉｜黄皮显白,通勤使用8小时记录，黄皮显白。,#唇釉 #Premium C-beauty,234,18,47,10,100k-1m,False
xiaohongshu,e60c26b60668b9dac4fd,Girlcult,Premium C-beauty,China,premium,eye,Girlcult 眉笔 测评,2026-01-07 00:00:00+00:00,2026-06-30 00:00:00+00:00,Girlcult 眉笔｜轻薄服帖,通勤使用8小时记录，轻薄服帖。但有点卡粉,#眉笔 #Premium C-beauty,35,1,5,3,100k-1m,False
xiaohongshu,6fd7b16f06383153338b,Girlcult,Premium C-beauty,China,premium,eye,Girlcult 眉笔 测评,2026-05-15 00:00:00+00:00,2026-06-30 00:00:00+00:00,Girlcult 眉笔｜遮瑕力在线,通勤使用8小时记录，遮瑕力在线。干皮可能拔干,#眉笔 #Premium C-beauty,606,67,227,27,1k-10k,False
xiaohongshu,a07233799d4984462e76,Girlcult,Premium C-beauty,China,premium,eye,Girlcult 睫毛膏 测评,2026-03-07 00:00:00+00:00,2026-06-30 00:00:00+00:00,Girlcult 睫毛膏｜水光奶油肌,通勤使用8小时记录，水光奶油肌。略微沾杯,#睫毛膏 #Premium C-beauty,333,36,29,17,10k-100k,False
xiaohongshu,5d66256a0e4628db65db,Girlcult,Premium C-beauty,China,premium,lip,Girlcult 口红 测评,2026-05-12 00:00:00+00:00,2026-06-30 00:00:00+00:00,Girlcult 口红｜水光奶油肌,通勤使用8小时记录，水光奶油肌。干皮可能拔干,#口红 #Premium C-beauty,963,50,342,23,1k-10k,False
xiaohongshu,6737bfb0cf7a6214292d,Girlcult,Premium C-beauty,China,premium,lip,Girlcult 唇泥 测评,2026-03-21 00:00:00+00:00,2026-06-30 00:00:00+00:00,Girlcult 唇泥｜轻薄服帖,通勤使用8小时记录，轻薄服帖。干皮可能拔干,#唇泥 #Premium C-beauty,412,24,52,13,100k-1m,False
douyin,dbb9a44b25cf6befa75d,Girlcult,Premium C-beauty,China,premium,lip,Girlcult 唇釉 测评,2026-06-11 00:00:00+00:00,2026-06-30 00:00:00+00:00,Girlcult 唇釉｜黄皮显白,通勤使用8小时记录，黄皮显白。,#唇釉 #Premium C-beauty,2319,96,536,196,1k-10k,False
douyin,9567fb813c308993115e,Girlcult,Premium C-beauty,China,premium,eye,Girlcult 眉笔 测评,2026-04-05 00:00:00+00:00,2026-06-30 00:00:00+00:00,Girlcult 眉笔｜学生党平替,通勤使用8小时记录，学生党平替。干皮可能拔干,#眉笔 #Premium C-beauty,218,18,77,16,10k-100k,False
douyin,f27b7fa32bcd033906ac,Girlcult,Premium C-beauty,China,premium,lip,Girlcult 唇泥 测评,2026-03-21 00:00:00+00:00,2026-06-30 00:00:00+00:00,Girlcult 唇泥｜遮瑕力在线,通勤使用8小时记录，遮瑕力在线。敏感肌先试用,#唇泥 #Premium C-beauty,281,13,45,4,100k-1m,False
douyin,6d13f217fbde7d8e3e45,Girlcult,Premium C-beauty,China,premium,lip,Girlcult 唇泥 测评,2026-01-21 00:00:00+00:00,2026-06-30 00:00:00+00:00,Girlcult 唇泥｜黄皮显白,通勤使用8小时记录，黄皮显白。但有点卡粉,#唇泥 #Premium C-beauty,489,14,89,45,10k-100k,False
douyin,a825d4f073987ba8a20c,Girlcult,Premium C-beauty,China,premium,lip,Girlcult 唇泥 测评,2026-06-13 00:00:00+00:00,2026-06-30 00:00:00+00:00,Girlcult 唇泥｜轻薄服帖,通勤使用8小时记录，轻薄服帖。但有点卡粉,#唇泥 #Premium C-beauty,171,15,52,8,1k-10k,False
xiaohongshu,18f262444b56ce554ff4,Proya,Premium C-beauty,China,premium,base,Proya 粉底液 测评,2026-04-08 00:00:00+00:00,2026-06-30 00:00:00+00:00,Proya 粉底液｜学生党平替,通勤使用8小时记录，学生党平替。,#粉底液 #Premium C-beauty,84,8,19,8,1k-10k,False
xiaohongshu,3d105ed7f15376dee899,Proya,Premium C-beauty,China,premium,base,Proya 粉饼 测评,2026-01-17 00:00:00+00:00,2026-06-30 00:00:00+00:00,Proya 粉饼｜持妆实测,通勤使用8小时记录，持妆实测。敏感肌先试用,#粉饼 #Premium C-beauty,265,12,46,16,100k-1m,False
xiaohongshu,724cffaf386c49aa06d4,Proya,Premium C-beauty,China,premium,base,Proya 粉底液 测评,2026-06-27 00:00:00+00:00,2026-06-30 00:00:00+00:00,Proya 粉底液｜遮瑕力在线,通勤使用8小时记录，遮瑕力在线。干皮可能拔干,#粉底液 #Premium C-beauty,469,15,187,11,10k-100k,False
xiaohongshu,88f6e79be78e3e85323a,Proya,Premium C-beauty,China,premium,base,Proya 气垫 测评,2026-06-10 00:00:00+00:00,2026-06-30 00:00:00+00:00,Proya 气垫｜黄皮显白,通勤使用8小时记录，黄皮显白。干皮可能拔干,#气垫 #Premium C-beauty,19,1,3,1,10k-100k,False
xiaohongshu,49641d8ac1f926dc7f12,Proya,Premium C-beauty,China,premium,base,Proya 粉饼 测评,2026-03-27 00:00:00+00:00,2026-06-30 00:00:00+00:00,Proya 粉饼｜黄皮显白,通勤使用8小时记录，黄皮显白。但有点卡粉,#粉饼 #Premium C-beauty,291,31,61,15,10k-100k,False
douyin,1c35a8108ebdc57b4db1,Proya,Premium C-beauty,China,premium,base,Proya 粉底液 测评,2026-06-13 00:00:00+00:00,2026-06-30 00:00:00+00:00,Proya 粉底液｜持妆实测,通勤使用8小时记录，持妆实测。但有点卡粉,#粉底液 #Premium C-beauty,510,56,29,17,1k-10k,False
douyin,987ef73c829dd5258500,Proya,Premium C-beauty,China,premium,base,Proya 粉底液 测评,2026-03-15 00:00:00+00:00,2026-06-30 00:00:00+00:00,Proya 粉底液｜水光奶油肌,通勤使用8小时记录，水光奶油肌。敏感肌先试用,#粉底液 #Premium C-beauty,3612,197,1253,241,1k-10k,False
douyin,0bd9f1463aa95e8fb3d3,Proya,Premium C-beauty,China,premium,base,Proya 气垫 测评,2026-02-09 00:00:00+00:00,2026-06-30 00:00:00+00:00,Proya 气垫｜遮瑕力在线,通勤使用8小时记录，遮瑕力在线。干皮可能拔干,#气垫 #Premium C-beauty,425,10,73,17,100k-1m,False
douyin,43f419e990cc27b2893d,Proya,Premium C-beauty,China,premium,base,Proya 粉饼 测评,2026-01-01 00:00:00+00:00,2026-06-30 00:00:00+00:00,Proya 粉饼｜轻薄服帖,通勤使用8小时记录，轻薄服帖。但有点卡粉,#粉饼 #Premium C-beauty,86,9,17,2,100k-1m,False
douyin,404ac6b8ff67b07af5fb,Proya,Premium C-beauty,China,premium,base,Proya 粉饼 测评,2026-04-12 00:00:00+00:00,2026-06-30 00:00:00+00:00,Proya 粉饼｜遮瑕力在线,通勤使用8小时记录，遮瑕力在线。,#粉饼 #Premium C-beauty,316,13,39,18,1k-10k,False
xiaohongshu,0b6a2ba42af3d80ed8ad,Funny Elves,Premium C-beauty,China,premium,base,Funny Elves 粉饼 测评,2026-06-08 00:00:00+00:00,2026-06-30 00:00:00+00:00,Funny Elves 粉饼｜黄皮显白,通勤使用8小时记录，黄皮显白。,#粉饼 #Premium C-beauty,193,22,69,7,10k-100k,False
xiaohongshu,d44048811f85364f322f,Funny Elves,Premium C-beauty,China,premium,base,Funny Elves 粉底液 测评,2026-02-11 00:00:00+00:00,2026-06-30 00:00:00+00:00,Funny Elves 粉底液｜轻薄服帖,通勤使用8小时记录，轻薄服帖。略微沾杯,#粉底液 #Premium C-beauty,110,6,12,6,100k-1m,False
xiaohongshu,f0cf1b9b015b3533cfce,Funny Elves,Premium C-beauty,China,premium,base,Funny Elves 粉饼 测评,2026-01-22 00:00:00+00:00,2026-06-30 00:00:00+00:00,Funny Elves 粉饼｜持妆实测,通勤使用8小时记录，持妆实测。敏感肌先试用,#粉饼 #Premium C-beauty,113,9,27,7,10k-100k,False
xiaohongshu,a6de7d55e432a8455cac,Funny Elves,Premium C-beauty,China,premium,base,Funny Elves 粉饼 测评,2026-04-17 00:00:00+00:00,2026-06-30 00:00:00+00:00,Funny Elves 粉饼｜遮瑕力在线,通勤使用8小时记录，遮瑕力在线。但有点卡粉,#粉饼 #Premium C-beauty,464,52,104,27,10k-100k,False
xiaohongshu,a926143c5b4a832073a7,Funny Elves,Premium C-beauty,China,premium,base,Funny Elves 粉底液 测评,2026-06-24 00:00:00+00:00,2026-06-30 00:00:00+00:00,Funny Elves 粉底液｜持妆实测,通勤使用8小时记录，持妆实测。干皮可能拔干,#粉底液 #Premium C-beauty,180,7,61,14,1k-10k,False
douyin,ef21aef3f14238a273e6,Funny Elves,Premium C-beauty,China,premium,base,Funny Elves 粉饼 测评,2026-06-09 00:00:00+00:00,2026-06-30 00:00:00+00:00,Funny Elves 粉饼｜遮瑕力在线,通勤使用8小时记录，遮瑕力在线。略微沾杯,#粉饼 #Premium C-beauty,275,20,84,13,1k-10k,False
douyin,446d337d777c7788cfd6,Funny Elves,Premium C-beauty,China,premium,base,Funny Elves 气垫 测评,2026-05-20 00:00:00+00:00,2026-06-30 00:00:00+00:00,Funny Elves 气垫｜持妆实测,通勤使用8小时记录，持妆实测。下午会暗沉,#气垫 #Premium C-beauty,326,32,85,27,10k-100k,False
douyin,f98ead0436f92f6a75da,Funny Elves,Premium C-beauty,China,premium,base,Funny Elves 粉饼 测评,2026-01-30 00:00:00+00:00,2026-06-30 00:00:00+00:00,Funny Elves 粉饼｜水光奶油肌,通勤使用8小时记录，水光奶油肌。干皮可能拔干,#粉饼 #Premium C-beauty,139,13,19,3,100k-1m,False
douyin,408312e94326cdf6395a,Funny Elves,Premium C-beauty,China,premium,base,Funny Elves 粉饼 测评,2026-04-13 00:00:00+00:00,2026-06-30 00:00:00+00:00,Funny Elves 粉饼｜学生党平替,通勤使用8小时记录，学生党平替。,#粉饼 #Premium C-beauty,321,23,86,17,10k-100k,False
douyin,d91b83122ad08d97ae5c,Funny Elves,Premium C-beauty,China,premium,base,Funny Elves 粉饼 测评,2026-01-11 00:00:00+00:00,2026-06-30 00:00:00+00:00,Funny Elves 粉饼｜轻薄服帖,通勤使用8小时记录，轻薄服帖。干皮可能拔干,#粉饼 #Premium C-beauty,286,26,91,8,10k-100k,False
